3eb949bd-6692-4b92-8953-c72527d6e4de	/Users/yaronkra/Library/Caches/pai-voice/archive/3eb949bd-6692-4b92-8953-c72527d6e4de.mp3
d6ed9641-51b0-4f90-8057-aed328a86f95	/Users/yaronkra/Library/Caches/pai-voice/archive/d6ed9641-51b0-4f90-8057-aed328a86f95.mp3
933da758-aa10-4d14-b4ad-35b47d966df5	/Users/yaronkra/Library/Caches/pai-voice/archive/933da758-aa10-4d14-b4ad-35b47d966df5.mp3
345c2cde-00aa-49c9-b44d-5b72bccc3b2b	/Users/yaronkra/Library/Caches/pai-voice/archive/345c2cde-00aa-49c9-b44d-5b72bccc3b2b.mp3
54371c37-5db8-409d-aedb-d8660069860e	/Users/yaronkra/Library/Caches/pai-voice/archive/54371c37-5db8-409d-aedb-d8660069860e.mp3
f0b8e632-92e2-4ae0-93d4-0058c067ad5b	/Users/yaronkra/Library/Caches/pai-voice/archive/f0b8e632-92e2-4ae0-93d4-0058c067ad5b.mp3
11071ca1-3173-4b14-87d9-e6a755f0cb65	/Users/yaronkra/Library/Caches/pai-voice/archive/11071ca1-3173-4b14-87d9-e6a755f0cb65.mp3
130795db-f717-446e-b30f-6bf473a8ba14	/Users/yaronkra/Library/Caches/pai-voice/archive/130795db-f717-446e-b30f-6bf473a8ba14.mp3
199df6b3-0435-48cf-9b54-f063b8def2e1	/Users/yaronkra/Library/Caches/pai-voice/archive/199df6b3-0435-48cf-9b54-f063b8def2e1.mp3
2aaf42cb-26fa-49d3-a8fd-d9acec7dd938	/Users/yaronkra/Library/Caches/pai-voice/archive/2aaf42cb-26fa-49d3-a8fd-d9acec7dd938.mp3
c1c221fc-28fb-4291-9842-163618499261	/Users/yaronkra/Library/Caches/pai-voice/archive/c1c221fc-28fb-4291-9842-163618499261.mp3
89db8f08-a0f9-4b3c-8139-83b5318659f7	/Users/yaronkra/Library/Caches/pai-voice/archive/89db8f08-a0f9-4b3c-8139-83b5318659f7.mp3
ccfa29af-0a21-4a95-81af-c8156fbd56e8	/Users/yaronkra/Library/Caches/pai-voice/archive/ccfa29af-0a21-4a95-81af-c8156fbd56e8.mp3
e1d82767-5173-4cf5-bb82-cbdfe81dff4e	/Users/yaronkra/Library/Caches/pai-voice/archive/e1d82767-5173-4cf5-bb82-cbdfe81dff4e.mp3
e07bf8c7-5561-491a-990f-f5a0934583f2	/Users/yaronkra/Library/Caches/pai-voice/archive/e07bf8c7-5561-491a-990f-f5a0934583f2.mp3
bda529f0-ffdb-41a8-9bef-6cfe1c7eda86	/Users/yaronkra/Library/Caches/pai-voice/archive/bda529f0-ffdb-41a8-9bef-6cfe1c7eda86.mp3
169bbcf1-37f3-44c4-b736-e420c5de2ba0	/Users/yaronkra/Library/Caches/pai-voice/archive/169bbcf1-37f3-44c4-b736-e420c5de2ba0.mp3
06f5253e-2265-4c7d-87ca-fc2f44f6ff0f	/Users/yaronkra/Library/Caches/pai-voice/archive/06f5253e-2265-4c7d-87ca-fc2f44f6ff0f.mp3
13e2b464-2563-446c-b8c5-3a94f08abf0d	/Users/yaronkra/Library/Caches/pai-voice/archive/13e2b464-2563-446c-b8c5-3a94f08abf0d.mp3
74182ee3-c128-4633-8297-3b9a9d6151bf	/Users/yaronkra/Library/Caches/pai-voice/archive/74182ee3-c128-4633-8297-3b9a9d6151bf.mp3
5ddbdbc8-d947-4a05-b668-b346b082abaa	/Users/yaronkra/Library/Caches/pai-voice/archive/5ddbdbc8-d947-4a05-b668-b346b082abaa.mp3
5d201de1-a993-49df-ac7b-9daee0e0d2cd	/Users/yaronkra/Library/Caches/pai-voice/archive/5d201de1-a993-49df-ac7b-9daee0e0d2cd.mp3
2ce17613-b372-4f93-8e41-c1ef0ef81a09	/Users/yaronkra/Library/Caches/pai-voice/archive/2ce17613-b372-4f93-8e41-c1ef0ef81a09.mp3
fd048dba-8c93-46cb-9a82-68089387cd27	/Users/yaronkra/Library/Caches/pai-voice/archive/fd048dba-8c93-46cb-9a82-68089387cd27.mp3
9931a0ab-e9e2-4f4c-bce5-3606d90f776b	/Users/yaronkra/Library/Caches/pai-voice/archive/9931a0ab-e9e2-4f4c-bce5-3606d90f776b.mp3
5e094d38-a96d-410e-bf43-eeb97fd12c70	/Users/yaronkra/Library/Caches/pai-voice/archive/5e094d38-a96d-410e-bf43-eeb97fd12c70.mp3
90b9b5d3-d25c-4311-91ed-a36d4652ecc7	/Users/yaronkra/Library/Caches/pai-voice/archive/90b9b5d3-d25c-4311-91ed-a36d4652ecc7.mp3
4eee811c-91e6-4310-94e7-0550a4eddb8e	/Users/yaronkra/Library/Caches/pai-voice/archive/4eee811c-91e6-4310-94e7-0550a4eddb8e.mp3
cc955f43-bd36-4584-b8da-1d62f0791916	/Users/yaronkra/Library/Caches/pai-voice/archive/cc955f43-bd36-4584-b8da-1d62f0791916.mp3
121d5e40-9fcc-45a4-b14a-dcee9ef7d725	/Users/yaronkra/Library/Caches/pai-voice/archive/121d5e40-9fcc-45a4-b14a-dcee9ef7d725.mp3
1d98bfbf-79cb-4616-9587-e805729b22d8	/Users/yaronkra/Library/Caches/pai-voice/archive/1d98bfbf-79cb-4616-9587-e805729b22d8.mp3
581457a9-a3d3-48cc-b403-768faefa3f99	/Users/yaronkra/Library/Caches/pai-voice/archive/581457a9-a3d3-48cc-b403-768faefa3f99.mp3
947d9b5e-7e5b-467c-9c14-d8f244078022	/Users/yaronkra/Library/Caches/pai-voice/archive/947d9b5e-7e5b-467c-9c14-d8f244078022.mp3
cc5cf789-8540-49e5-9682-35d9f5812076	/Users/yaronkra/Library/Caches/pai-voice/archive/cc5cf789-8540-49e5-9682-35d9f5812076.mp3
cf96b99d-1fd4-4f5b-8204-afb7f852283b	/Users/yaronkra/Library/Caches/pai-voice/archive/cf96b99d-1fd4-4f5b-8204-afb7f852283b.mp3
2bbf8a61-4de6-4ac4-a05e-07476b311add	/Users/yaronkra/Library/Caches/pai-voice/archive/2bbf8a61-4de6-4ac4-a05e-07476b311add.mp3
89b5d5c9-8651-4121-95ca-391b69109bd4	/Users/yaronkra/Library/Caches/pai-voice/archive/89b5d5c9-8651-4121-95ca-391b69109bd4.mp3
9df6c27f-b707-4820-93f3-60d02187b04d	/Users/yaronkra/Library/Caches/pai-voice/archive/9df6c27f-b707-4820-93f3-60d02187b04d.mp3
b2dc7d4a-c7d8-4a67-8ea9-ad33037f32d2	/Users/yaronkra/Library/Caches/pai-voice/archive/b2dc7d4a-c7d8-4a67-8ea9-ad33037f32d2.mp3
1848eeac-6297-4d11-9a90-113b1eb5cb27	/Users/yaronkra/Library/Caches/pai-voice/archive/1848eeac-6297-4d11-9a90-113b1eb5cb27.mp3
ff856619-0097-4266-8de7-f8398d264714	/Users/yaronkra/Library/Caches/pai-voice/archive/ff856619-0097-4266-8de7-f8398d264714.mp3
190a073a-2337-439b-ad70-5565e2f63d00	/Users/yaronkra/Library/Caches/pai-voice/archive/190a073a-2337-439b-ad70-5565e2f63d00.mp3
778c75df-12bf-43a9-8d14-90c940c2074c	/Users/yaronkra/Library/Caches/pai-voice/archive/778c75df-12bf-43a9-8d14-90c940c2074c.mp3
f4f1094b-21a9-4315-b8db-b2457bf08576	/Users/yaronkra/Library/Caches/pai-voice/archive/f4f1094b-21a9-4315-b8db-b2457bf08576.mp3
bc9b9ff8-479c-4976-9fb7-e66aa244a099	/Users/yaronkra/Library/Caches/pai-voice/archive/bc9b9ff8-479c-4976-9fb7-e66aa244a099.mp3
3df7f139-bfa6-4b33-a688-7ee1953954ae	/Users/yaronkra/Library/Caches/pai-voice/archive/3df7f139-bfa6-4b33-a688-7ee1953954ae.mp3
9c1816d0-7629-4637-9e16-31b536cf26d2	/Users/yaronkra/Library/Caches/pai-voice/archive/9c1816d0-7629-4637-9e16-31b536cf26d2.mp3
deffb6a3-d56f-4b56-a12e-c077a5154b0a	/Users/yaronkra/Library/Caches/pai-voice/archive/deffb6a3-d56f-4b56-a12e-c077a5154b0a.mp3
6b2fd0c7-7681-4a09-8fff-feff4b13eb8f	/Users/yaronkra/Library/Caches/pai-voice/archive/6b2fd0c7-7681-4a09-8fff-feff4b13eb8f.mp3
56a00384-b177-428c-9f81-fea2c30631af	/Users/yaronkra/Library/Caches/pai-voice/archive/56a00384-b177-428c-9f81-fea2c30631af.mp3
5cac1f40-4bd5-43b2-b404-8a98555a2b8d	/Users/yaronkra/Library/Caches/pai-voice/archive/5cac1f40-4bd5-43b2-b404-8a98555a2b8d.mp3
f3f31855-40b0-4100-9cce-add37a3e60aa	/Users/yaronkra/Library/Caches/pai-voice/archive/f3f31855-40b0-4100-9cce-add37a3e60aa.mp3
863b0069-19ef-4bcf-9cde-b221c4e247fe	/Users/yaronkra/Library/Caches/pai-voice/archive/863b0069-19ef-4bcf-9cde-b221c4e247fe.mp3
88205c91-edab-4e3d-8961-6f4d4a7cbc4d	/Users/yaronkra/Library/Caches/pai-voice/archive/88205c91-edab-4e3d-8961-6f4d4a7cbc4d.mp3
5cf4801f-e7c1-4927-a771-29fecfff2af2	/Users/yaronkra/Library/Caches/pai-voice/archive/5cf4801f-e7c1-4927-a771-29fecfff2af2.mp3
effee8dd-499e-4d47-bed0-4ea795c8fcbb	/Users/yaronkra/Library/Caches/pai-voice/archive/effee8dd-499e-4d47-bed0-4ea795c8fcbb.mp3
d38459f2-a07b-4206-82fc-1d646cd450c0	/Users/yaronkra/Library/Caches/pai-voice/archive/d38459f2-a07b-4206-82fc-1d646cd450c0.mp3
c60e6407-e684-47e0-9b7c-77340854047b	/Users/yaronkra/Library/Caches/pai-voice/archive/c60e6407-e684-47e0-9b7c-77340854047b.mp3
3c71f288-0c43-43ce-931c-cdfed4437640	/Users/yaronkra/Library/Caches/pai-voice/archive/3c71f288-0c43-43ce-931c-cdfed4437640.mp3
a23e3d4b-0129-4e71-b28e-de0dd2df5a25	/Users/yaronkra/Library/Caches/pai-voice/archive/a23e3d4b-0129-4e71-b28e-de0dd2df5a25.mp3
80ebb6b6-1cd6-4829-a9e5-081cea35b91a	/Users/yaronkra/Library/Caches/pai-voice/archive/80ebb6b6-1cd6-4829-a9e5-081cea35b91a.mp3
073e8ecf-b3d3-4191-854b-175bb0cf34fd	/Users/yaronkra/Library/Caches/pai-voice/archive/073e8ecf-b3d3-4191-854b-175bb0cf34fd.mp3
253a4455-6ff5-4a25-bb37-c0c8afe8cc43	/Users/yaronkra/Library/Caches/pai-voice/archive/253a4455-6ff5-4a25-bb37-c0c8afe8cc43.mp3
ec716b9e-a79e-4271-926e-f1a9df8662e9	/Users/yaronkra/Library/Caches/pai-voice/archive/ec716b9e-a79e-4271-926e-f1a9df8662e9.mp3
8b60cd01-0597-4e3d-8f68-92723438c1d7	/Users/yaronkra/Library/Caches/pai-voice/archive/8b60cd01-0597-4e3d-8f68-92723438c1d7.mp3
7d4cf986-6b59-4b2d-b7e6-6dafccff79a4	/Users/yaronkra/Library/Caches/pai-voice/archive/7d4cf986-6b59-4b2d-b7e6-6dafccff79a4.mp3
cc2510a1-70f8-4d62-95b8-ef393cc5f34c	/Users/yaronkra/Library/Caches/pai-voice/archive/cc2510a1-70f8-4d62-95b8-ef393cc5f34c.mp3
47a8422e-22b6-4682-b955-409316ff7b2d	/Users/yaronkra/Library/Caches/pai-voice/archive/47a8422e-22b6-4682-b955-409316ff7b2d.mp3
5dcd6ef4-7136-47ce-95ae-c27b19670b99	/Users/yaronkra/Library/Caches/pai-voice/archive/5dcd6ef4-7136-47ce-95ae-c27b19670b99.mp3
4668a686-ad80-4abb-85e7-bf75800b0df6	/Users/yaronkra/Library/Caches/pai-voice/archive/4668a686-ad80-4abb-85e7-bf75800b0df6.mp3
a3c01f11-8253-4dfd-b6bf-aefd2c4e0382	/Users/yaronkra/Library/Caches/pai-voice/archive/a3c01f11-8253-4dfd-b6bf-aefd2c4e0382.mp3
80ff271c-a57d-4d12-94cf-7103a5a2a94f	/Users/yaronkra/Library/Caches/pai-voice/archive/80ff271c-a57d-4d12-94cf-7103a5a2a94f.mp3
7c3908fc-d653-40e0-b6d2-66fa6e396dde	/Users/yaronkra/Library/Caches/pai-voice/archive/7c3908fc-d653-40e0-b6d2-66fa6e396dde.mp3
43030de4-8687-4092-896b-bf3f633fb24c	/Users/yaronkra/Library/Caches/pai-voice/archive/43030de4-8687-4092-896b-bf3f633fb24c.mp3
c31a0c41-2244-4c9a-91bf-134ed3d682d2	/Users/yaronkra/Library/Caches/pai-voice/archive/c31a0c41-2244-4c9a-91bf-134ed3d682d2.mp3
2ac194a6-6ef3-410a-9553-8583d78b414a	/Users/yaronkra/Library/Caches/pai-voice/archive/2ac194a6-6ef3-410a-9553-8583d78b414a.mp3
d6766af4-eea5-4f0d-a99c-4d1d3fa2f6f5	/Users/yaronkra/Library/Caches/pai-voice/archive/d6766af4-eea5-4f0d-a99c-4d1d3fa2f6f5.mp3
89a21409-0d73-4531-a268-3ef618b5a7e5	/Users/yaronkra/Library/Caches/pai-voice/archive/89a21409-0d73-4531-a268-3ef618b5a7e5.mp3
9dea9b8a-e87e-49db-b55f-b80335461749	/Users/yaronkra/Library/Caches/pai-voice/archive/9dea9b8a-e87e-49db-b55f-b80335461749.mp3
5d7a2f63-9da2-44d4-9cc3-8e44172b021a	/Users/yaronkra/Library/Caches/pai-voice/archive/5d7a2f63-9da2-44d4-9cc3-8e44172b021a.mp3
29f42715-f167-4a15-84aa-e7fe41b520f5	/Users/yaronkra/Library/Caches/pai-voice/archive/29f42715-f167-4a15-84aa-e7fe41b520f5.mp3
be02d075-2c62-435a-a10c-232740e40f20	/Users/yaronkra/Library/Caches/pai-voice/archive/be02d075-2c62-435a-a10c-232740e40f20.mp3
dec85991-cdd1-4eb7-bd00-4c11be93dc63	/Users/yaronkra/Library/Caches/pai-voice/archive/dec85991-cdd1-4eb7-bd00-4c11be93dc63.mp3
890c8f42-c8b2-44c8-807b-c4a2c80e2d66	/Users/yaronkra/Library/Caches/pai-voice/archive/890c8f42-c8b2-44c8-807b-c4a2c80e2d66.mp3
388822ac-314f-4534-a9e6-e0dc2b96c326	/Users/yaronkra/Library/Caches/pai-voice/archive/388822ac-314f-4534-a9e6-e0dc2b96c326.mp3
ff5b4fbc-8fba-4e9c-aa2b-e56a5236af6c	/Users/yaronkra/Library/Caches/pai-voice/archive/ff5b4fbc-8fba-4e9c-aa2b-e56a5236af6c.mp3
cc7e9e7c-1e72-45db-8407-58411e304afb	/Users/yaronkra/Library/Caches/pai-voice/archive/cc7e9e7c-1e72-45db-8407-58411e304afb.mp3
964e8bb0-bf93-48ab-898b-eaa5bf0afdc5	/Users/yaronkra/Library/Caches/pai-voice/archive/964e8bb0-bf93-48ab-898b-eaa5bf0afdc5.mp3
b38ffdae-41b5-43d0-8c1e-2d34329021fb	/Users/yaronkra/Library/Caches/pai-voice/archive/b38ffdae-41b5-43d0-8c1e-2d34329021fb.mp3
e53a8e56-5655-47e1-9f9e-c48194d91df7	/Users/yaronkra/Library/Caches/pai-voice/archive/e53a8e56-5655-47e1-9f9e-c48194d91df7.mp3
839d655a-4944-4804-af25-f893ddf9bb2b	/Users/yaronkra/Library/Caches/pai-voice/archive/839d655a-4944-4804-af25-f893ddf9bb2b.mp3
d0e33b32-1a27-4bb1-837f-3169fc27de6e	/Users/yaronkra/Library/Caches/pai-voice/archive/d0e33b32-1a27-4bb1-837f-3169fc27de6e.mp3
a68e801b-03e5-4526-a6fd-742ee8f4c85b	/Users/yaronkra/Library/Caches/pai-voice/archive/a68e801b-03e5-4526-a6fd-742ee8f4c85b.mp3
472cee07-5ac9-4f5d-ba59-bb1a3b515551	/Users/yaronkra/Library/Caches/pai-voice/archive/472cee07-5ac9-4f5d-ba59-bb1a3b515551.mp3
06dcb705-e19c-419a-b6a2-e8c1f97416da	/Users/yaronkra/Library/Caches/pai-voice/archive/06dcb705-e19c-419a-b6a2-e8c1f97416da.mp3
1c136237-cfbe-4fc6-8feb-9f510162e6b1	/Users/yaronkra/Library/Caches/pai-voice/archive/1c136237-cfbe-4fc6-8feb-9f510162e6b1.mp3
5ccee6c5-23d8-4a68-a00a-19fd577a2535	/Users/yaronkra/Library/Caches/pai-voice/archive/5ccee6c5-23d8-4a68-a00a-19fd577a2535.mp3
634191c3-414a-4c70-a76c-4c47de39ae78	/Users/yaronkra/Library/Caches/pai-voice/archive/634191c3-414a-4c70-a76c-4c47de39ae78.mp3
df4574e1-ae0a-42b2-98bb-ac57243f5e58	/Users/yaronkra/Library/Caches/pai-voice/archive/df4574e1-ae0a-42b2-98bb-ac57243f5e58.mp3
5bb553c3-db60-4f40-afa6-c404ed1bbc6c	/Users/yaronkra/Library/Caches/pai-voice/archive/5bb553c3-db60-4f40-afa6-c404ed1bbc6c.mp3
b2dc1e15-1d9c-47db-87f6-6e016117afcd	/Users/yaronkra/Library/Caches/pai-voice/archive/b2dc1e15-1d9c-47db-87f6-6e016117afcd.mp3
8fb05e2d-0c55-4441-9682-62be937f2a85	/Users/yaronkra/Library/Caches/pai-voice/archive/8fb05e2d-0c55-4441-9682-62be937f2a85.mp3
bcaad024-3569-4c63-a4e4-7f4efda56784	/Users/yaronkra/Library/Caches/pai-voice/archive/bcaad024-3569-4c63-a4e4-7f4efda56784.mp3
749574d5-9545-4b78-bfd7-3e83f82db46c	/Users/yaronkra/Library/Caches/pai-voice/archive/749574d5-9545-4b78-bfd7-3e83f82db46c.mp3
70ad5886-9c0d-4a3e-909d-e1a94654f8ee	/Users/yaronkra/Library/Caches/pai-voice/archive/70ad5886-9c0d-4a3e-909d-e1a94654f8ee.mp3
5ac73abe-0f7e-4ff8-93f9-a00f728c846f	/Users/yaronkra/Library/Caches/pai-voice/archive/5ac73abe-0f7e-4ff8-93f9-a00f728c846f.mp3
191dc68f-3d13-41e2-9d3e-1bf1351dffad	/Users/yaronkra/Library/Caches/pai-voice/archive/191dc68f-3d13-41e2-9d3e-1bf1351dffad.mp3
904ee13d-7d0e-43f7-9935-e04677845251	/Users/yaronkra/Library/Caches/pai-voice/archive/904ee13d-7d0e-43f7-9935-e04677845251.mp3
6b6fb92d-b75b-4d8d-a973-6fef6d751911	/Users/yaronkra/Library/Caches/pai-voice/archive/6b6fb92d-b75b-4d8d-a973-6fef6d751911.mp3
b6f2b41e-179e-44cc-a404-2534104c05ad	/Users/yaronkra/Library/Caches/pai-voice/archive/b6f2b41e-179e-44cc-a404-2534104c05ad.mp3
f3d81370-014b-42a8-b817-f52f453ccc93	/Users/yaronkra/Library/Caches/pai-voice/archive/f3d81370-014b-42a8-b817-f52f453ccc93.mp3
affca752-19a9-4b66-8f45-9a82bc452272	/Users/yaronkra/Library/Caches/pai-voice/archive/affca752-19a9-4b66-8f45-9a82bc452272.mp3
241c7fac-702d-42e8-85fe-885546b6c51a	/Users/yaronkra/Library/Caches/pai-voice/archive/241c7fac-702d-42e8-85fe-885546b6c51a.mp3
a41bafad-bd95-4d04-bfa7-0c0c90c10aa4	/Users/yaronkra/Library/Caches/pai-voice/archive/a41bafad-bd95-4d04-bfa7-0c0c90c10aa4.mp3
26a23205-8e27-4df2-ba27-bb02cff27453	/Users/yaronkra/Library/Caches/pai-voice/archive/26a23205-8e27-4df2-ba27-bb02cff27453.mp3
ebf5c34b-ee7f-4f8d-8f18-014acf22f997	/Users/yaronkra/Library/Caches/pai-voice/archive/ebf5c34b-ee7f-4f8d-8f18-014acf22f997.mp3
0084cb53-0f38-4a23-9dec-26dbdfebd857	/Users/yaronkra/Library/Caches/pai-voice/archive/0084cb53-0f38-4a23-9dec-26dbdfebd857.mp3
111af480-3de1-43f6-855f-5e35e3dc155f	/Users/yaronkra/Library/Caches/pai-voice/archive/111af480-3de1-43f6-855f-5e35e3dc155f.mp3
40fc67cd-06a8-4fe9-b955-2c05e98becc5	/Users/yaronkra/Library/Caches/pai-voice/archive/40fc67cd-06a8-4fe9-b955-2c05e98becc5.mp3
bb4d7b6a-3fb5-4f8e-895f-5f364d2ccf9c	/Users/yaronkra/Library/Caches/pai-voice/archive/bb4d7b6a-3fb5-4f8e-895f-5f364d2ccf9c.mp3
45ed0a89-0a98-4032-8105-8bd602015aa3	/Users/yaronkra/Library/Caches/pai-voice/archive/45ed0a89-0a98-4032-8105-8bd602015aa3.mp3
41f5fcc0-9c4a-4f76-aa57-430a03d0fc36	/Users/yaronkra/Library/Caches/pai-voice/archive/41f5fcc0-9c4a-4f76-aa57-430a03d0fc36.mp3
c51cd17f-38da-4f52-8781-b6ef732f30f2	/Users/yaronkra/Library/Caches/pai-voice/archive/c51cd17f-38da-4f52-8781-b6ef732f30f2.mp3
8d510276-7410-4f26-b6d8-81c48e103d9e	/Users/yaronkra/Library/Caches/pai-voice/archive/8d510276-7410-4f26-b6d8-81c48e103d9e.mp3
fcb9bb40-e859-4922-8c0f-e90aef98d741	/Users/yaronkra/Library/Caches/pai-voice/archive/fcb9bb40-e859-4922-8c0f-e90aef98d741.mp3
873e02eb-06b5-4e07-b3b6-622818b6e140	/Users/yaronkra/Library/Caches/pai-voice/archive/873e02eb-06b5-4e07-b3b6-622818b6e140.mp3
51dadc2b-303a-4bc4-a73d-fead4e6ea457	/Users/yaronkra/Library/Caches/pai-voice/archive/51dadc2b-303a-4bc4-a73d-fead4e6ea457.mp3
17a35fc0-b25e-4f2a-9b7a-7b87b34f0792	/Users/yaronkra/Library/Caches/pai-voice/archive/17a35fc0-b25e-4f2a-9b7a-7b87b34f0792.mp3
ef883d48-3b04-48c7-a5e5-65117c124bc5	/Users/yaronkra/Library/Caches/pai-voice/archive/ef883d48-3b04-48c7-a5e5-65117c124bc5.mp3
a7ffbbc0-0daf-45c1-b2ce-af9d5638da3a	/Users/yaronkra/Library/Caches/pai-voice/archive/a7ffbbc0-0daf-45c1-b2ce-af9d5638da3a.mp3
bdc8f730-04ec-448b-96a3-8b19608fda6a	/Users/yaronkra/Library/Caches/pai-voice/archive/bdc8f730-04ec-448b-96a3-8b19608fda6a.mp3
bdb75921-98b6-4411-8164-31176a7397d1	/Users/yaronkra/Library/Caches/pai-voice/archive/bdb75921-98b6-4411-8164-31176a7397d1.mp3
0ef63b74-2c50-4a15-8e57-e980ea7ad927	/Users/yaronkra/Library/Caches/pai-voice/archive/0ef63b74-2c50-4a15-8e57-e980ea7ad927.mp3
a3bce739-cb46-4469-bc74-4b8c39d71134	/Users/yaronkra/Library/Caches/pai-voice/archive/a3bce739-cb46-4469-bc74-4b8c39d71134.mp3
62f34e1b-3b8a-4ed2-bd8a-f7fb5922dce2	/Users/yaronkra/Library/Caches/pai-voice/archive/62f34e1b-3b8a-4ed2-bd8a-f7fb5922dce2.mp3
9bbd0b33-590d-4cd2-9566-732621d3ab05	/Users/yaronkra/Library/Caches/pai-voice/archive/9bbd0b33-590d-4cd2-9566-732621d3ab05.mp3
4500d8e0-126c-41f6-ad63-5bdc2a6e27e0	/Users/yaronkra/Library/Caches/pai-voice/archive/4500d8e0-126c-41f6-ad63-5bdc2a6e27e0.mp3
c09ca50c-4624-4417-8239-f7350d9d7779	/Users/yaronkra/Library/Caches/pai-voice/archive/c09ca50c-4624-4417-8239-f7350d9d7779.mp3
9b3f1b9f-0dc1-4e7f-9d5e-85b95238d9a8	/Users/yaronkra/Library/Caches/pai-voice/archive/9b3f1b9f-0dc1-4e7f-9d5e-85b95238d9a8.mp3
2bf93908-8703-47c2-90a4-ad5c5d419d98	/Users/yaronkra/Library/Caches/pai-voice/archive/2bf93908-8703-47c2-90a4-ad5c5d419d98.mp3
775dc68f-a449-4a9f-bf59-1aaf0994f860	/Users/yaronkra/Library/Caches/pai-voice/archive/775dc68f-a449-4a9f-bf59-1aaf0994f860.mp3
9e082501-0162-43d7-b587-201ff688b640	/Users/yaronkra/Library/Caches/pai-voice/archive/9e082501-0162-43d7-b587-201ff688b640.mp3
56fbf1a2-73f7-4a0f-a074-86f09198788c	/Users/yaronkra/Library/Caches/pai-voice/archive/56fbf1a2-73f7-4a0f-a074-86f09198788c.mp3
a3663904-c0d3-4453-8f8c-06be7d295bf2	/Users/yaronkra/Library/Caches/pai-voice/archive/a3663904-c0d3-4453-8f8c-06be7d295bf2.mp3
ff9f2d9f-daf5-41d1-9721-30fdc1f3fad3	/Users/yaronkra/Library/Caches/pai-voice/archive/ff9f2d9f-daf5-41d1-9721-30fdc1f3fad3.mp3
81c94b6f-dda9-4769-a1f0-8aac15882bea	/Users/yaronkra/Library/Caches/pai-voice/archive/81c94b6f-dda9-4769-a1f0-8aac15882bea.mp3
ed8d588f-7e64-4234-ba17-a8be8b3a2bc5	/Users/yaronkra/Library/Caches/pai-voice/archive/ed8d588f-7e64-4234-ba17-a8be8b3a2bc5.mp3
df91269e-e083-40c8-9095-96de9ceef32c	/Users/yaronkra/Library/Caches/pai-voice/archive/df91269e-e083-40c8-9095-96de9ceef32c.mp3
504f1c82-d3a8-4ffe-9484-09f5f1b928e1	/Users/yaronkra/Library/Caches/pai-voice/archive/504f1c82-d3a8-4ffe-9484-09f5f1b928e1.mp3
8e76aab7-6cdf-4265-bcd7-d1820fba803a	/Users/yaronkra/Library/Caches/pai-voice/archive/8e76aab7-6cdf-4265-bcd7-d1820fba803a.mp3
d9fbc240-fa57-4533-8c56-b65671c1ed39	/Users/yaronkra/Library/Caches/pai-voice/archive/d9fbc240-fa57-4533-8c56-b65671c1ed39.mp3
c7c0679d-7a2b-4665-88c0-f3959b5fe2c3	/Users/yaronkra/Library/Caches/pai-voice/archive/c7c0679d-7a2b-4665-88c0-f3959b5fe2c3.mp3
a97aa334-6c29-437a-b329-2a5048561d0d	/Users/yaronkra/Library/Caches/pai-voice/archive/a97aa334-6c29-437a-b329-2a5048561d0d.mp3
4ba64d89-530a-4a20-b9fa-18179d51e310	/Users/yaronkra/Library/Caches/pai-voice/archive/4ba64d89-530a-4a20-b9fa-18179d51e310.mp3
61314cbb-f835-4956-bced-edb02252ed20	/Users/yaronkra/Library/Caches/pai-voice/archive/61314cbb-f835-4956-bced-edb02252ed20.mp3
db3b28bf-9d0b-4b5b-adfa-4079abf8bebe	/Users/yaronkra/Library/Caches/pai-voice/archive/db3b28bf-9d0b-4b5b-adfa-4079abf8bebe.mp3
58240924-0e7f-43a3-a41a-847aef126f00	/Users/yaronkra/Library/Caches/pai-voice/archive/58240924-0e7f-43a3-a41a-847aef126f00.mp3
d9b4c897-2416-4d8a-bf39-89f1509ad152	/Users/yaronkra/Library/Caches/pai-voice/archive/d9b4c897-2416-4d8a-bf39-89f1509ad152.mp3
41fc1db0-5fea-496c-bea1-8bec6cd21c6b	/Users/yaronkra/Library/Caches/pai-voice/archive/41fc1db0-5fea-496c-bea1-8bec6cd21c6b.mp3
be6ed193-fe0a-476f-850e-e731384c1338	/Users/yaronkra/Library/Caches/pai-voice/archive/be6ed193-fe0a-476f-850e-e731384c1338.mp3
9e5268e7-8758-4321-9ea1-f8c6ac445a3c	/Users/yaronkra/Library/Caches/pai-voice/archive/9e5268e7-8758-4321-9ea1-f8c6ac445a3c.mp3
d5fb1115-b84c-47f4-b2cb-1be0f637c55e	/Users/yaronkra/Library/Caches/pai-voice/archive/d5fb1115-b84c-47f4-b2cb-1be0f637c55e.mp3
9c329aae-1fdc-40c7-aafe-6d7e538ff9c4	/Users/yaronkra/Library/Caches/pai-voice/archive/9c329aae-1fdc-40c7-aafe-6d7e538ff9c4.mp3
51424b8c-6a6f-457b-bc70-584b4c0c14ff	/Users/yaronkra/Library/Caches/pai-voice/archive/51424b8c-6a6f-457b-bc70-584b4c0c14ff.mp3
038b1ce8-4be3-43d8-bc1b-d6c05fb35df1	/Users/yaronkra/Library/Caches/pai-voice/archive/038b1ce8-4be3-43d8-bc1b-d6c05fb35df1.mp3
375f99f7-238a-4421-9538-6c4242d1d62e	/Users/yaronkra/Library/Caches/pai-voice/archive/375f99f7-238a-4421-9538-6c4242d1d62e.mp3
d8261119-2158-47ef-a695-43fd39152073	/Users/yaronkra/Library/Caches/pai-voice/archive/d8261119-2158-47ef-a695-43fd39152073.mp3
a9b7d520-f344-4c0e-95c0-d3ab3e725f75	/Users/yaronkra/Library/Caches/pai-voice/archive/a9b7d520-f344-4c0e-95c0-d3ab3e725f75.mp3
33eb0dd2-1968-4569-8de7-465f80702a99	/Users/yaronkra/Library/Caches/pai-voice/archive/33eb0dd2-1968-4569-8de7-465f80702a99.mp3
c382410a-07be-4929-bc43-f995446291c1	/Users/yaronkra/Library/Caches/pai-voice/archive/c382410a-07be-4929-bc43-f995446291c1.mp3
c795d943-8de7-4f1d-b469-b93568ef8759	/Users/yaronkra/Library/Caches/pai-voice/archive/c795d943-8de7-4f1d-b469-b93568ef8759.mp3
8b42969c-688a-4328-9cfa-0cfc58318d03	/Users/yaronkra/Library/Caches/pai-voice/archive/8b42969c-688a-4328-9cfa-0cfc58318d03.mp3
a0273cbb-4144-40c8-a9a2-327f0b63d483	/Users/yaronkra/Library/Caches/pai-voice/archive/a0273cbb-4144-40c8-a9a2-327f0b63d483.mp3
fe7786e0-851e-4a89-9999-77a1a951219b	/Users/yaronkra/Library/Caches/pai-voice/archive/fe7786e0-851e-4a89-9999-77a1a951219b.mp3
24df4c23-49f1-41f5-93d8-2c4211eb152a	/Users/yaronkra/Library/Caches/pai-voice/archive/24df4c23-49f1-41f5-93d8-2c4211eb152a.mp3
ddccccf3-6bb1-49c1-a2c0-cb056244a395	/Users/yaronkra/Library/Caches/pai-voice/archive/ddccccf3-6bb1-49c1-a2c0-cb056244a395.mp3
7079daf2-f75f-4672-98bc-f6dcba1b3d8e	/Users/yaronkra/Library/Caches/pai-voice/archive/7079daf2-f75f-4672-98bc-f6dcba1b3d8e.mp3
1627970b-0c2a-40f1-b836-4693bfd8919e	/Users/yaronkra/Library/Caches/pai-voice/archive/1627970b-0c2a-40f1-b836-4693bfd8919e.mp3
eb35dd0b-c07b-4c61-8a80-cd2e2687defe	/Users/yaronkra/Library/Caches/pai-voice/archive/eb35dd0b-c07b-4c61-8a80-cd2e2687defe.mp3
e0cfdab5-b724-483d-a56f-3dc3ca72408a	/Users/yaronkra/Library/Caches/pai-voice/archive/e0cfdab5-b724-483d-a56f-3dc3ca72408a.mp3
f1fda0de-2677-4c88-a4c4-29d77cab38b6	/Users/yaronkra/Library/Caches/pai-voice/archive/f1fda0de-2677-4c88-a4c4-29d77cab38b6.mp3
3230b6b3-f10d-43c1-992a-6624249cf291	/Users/yaronkra/Library/Caches/pai-voice/archive/3230b6b3-f10d-43c1-992a-6624249cf291.mp3
7aae8422-5810-45c7-8ca7-42ea0629cd3f	/Users/yaronkra/Library/Caches/pai-voice/archive/7aae8422-5810-45c7-8ca7-42ea0629cd3f.mp3
6005419d-58b8-40c9-bd78-64445b908649	/Users/yaronkra/Library/Caches/pai-voice/archive/6005419d-58b8-40c9-bd78-64445b908649.mp3
c7a77569-90ad-4df0-8bfa-a6660360792b	/Users/yaronkra/Library/Caches/pai-voice/archive/c7a77569-90ad-4df0-8bfa-a6660360792b.mp3
16752988-75ed-4797-8950-8c744211a7fc	/Users/yaronkra/Library/Caches/pai-voice/archive/16752988-75ed-4797-8950-8c744211a7fc.mp3
ad9e4cd3-738b-4eeb-8ae0-9004cbf86010	/Users/yaronkra/Library/Caches/pai-voice/archive/ad9e4cd3-738b-4eeb-8ae0-9004cbf86010.mp3
4346ab0b-0c98-4f10-b526-18cfc26984b0	/Users/yaronkra/Library/Caches/pai-voice/archive/4346ab0b-0c98-4f10-b526-18cfc26984b0.mp3
fd9422b5-f543-4203-9711-3bd9a9ed10c2	/Users/yaronkra/Library/Caches/pai-voice/archive/fd9422b5-f543-4203-9711-3bd9a9ed10c2.mp3
eb1da091-cea3-4548-92a1-0e37a3dadf20	/Users/yaronkra/Library/Caches/pai-voice/archive/eb1da091-cea3-4548-92a1-0e37a3dadf20.mp3
7b0e79a2-0001-4ad1-92f1-42fb120233a9	/Users/yaronkra/Library/Caches/pai-voice/archive/7b0e79a2-0001-4ad1-92f1-42fb120233a9.mp3
683dcc49-5012-4777-bfb4-09e9339c6fd6	/Users/yaronkra/Library/Caches/pai-voice/archive/683dcc49-5012-4777-bfb4-09e9339c6fd6.mp3
10794e6f-e30a-436d-8a9c-accabf50c231	/Users/yaronkra/Library/Caches/pai-voice/archive/10794e6f-e30a-436d-8a9c-accabf50c231.mp3
5e42e1e6-ac43-4c3b-9d5c-0f4fa70334d9	/Users/yaronkra/Library/Caches/pai-voice/archive/5e42e1e6-ac43-4c3b-9d5c-0f4fa70334d9.mp3
953e0224-f8a8-4d24-b69f-a832601bb14f	/Users/yaronkra/Library/Caches/pai-voice/archive/953e0224-f8a8-4d24-b69f-a832601bb14f.mp3
d8e73537-700d-4f86-a46e-fbc05c21ca68	/Users/yaronkra/Library/Caches/pai-voice/archive/d8e73537-700d-4f86-a46e-fbc05c21ca68.mp3
51299581-fc3a-426e-a48f-cf9fb6030336	/Users/yaronkra/Library/Caches/pai-voice/archive/51299581-fc3a-426e-a48f-cf9fb6030336.mp3
2080f83e-bbc6-44be-a056-d930bef44904	/Users/yaronkra/Library/Caches/pai-voice/archive/2080f83e-bbc6-44be-a056-d930bef44904.mp3
6fa9f6b8-5184-49a4-80df-83a630215f3c	/Users/yaronkra/Library/Caches/pai-voice/archive/6fa9f6b8-5184-49a4-80df-83a630215f3c.mp3
6af329cb-03fa-4b39-97e8-72ecd316659b	/Users/yaronkra/Library/Caches/pai-voice/archive/6af329cb-03fa-4b39-97e8-72ecd316659b.mp3
3945909e-68c2-4130-a392-76eb93ee5220	/Users/yaronkra/Library/Caches/pai-voice/archive/3945909e-68c2-4130-a392-76eb93ee5220.mp3
0a194abe-3135-40e1-a1bf-bb0bb9d68d15	/Users/yaronkra/Library/Caches/pai-voice/archive/0a194abe-3135-40e1-a1bf-bb0bb9d68d15.mp3
c88e9d5c-a202-4b93-8e22-d75672876355	/Users/yaronkra/Library/Caches/pai-voice/archive/c88e9d5c-a202-4b93-8e22-d75672876355.mp3
5284dc9e-78fa-404d-b4d6-99ce65fcd3ee	/Users/yaronkra/Library/Caches/pai-voice/archive/5284dc9e-78fa-404d-b4d6-99ce65fcd3ee.mp3
38a4089d-079b-43e9-8cf5-45a08d150278	/Users/yaronkra/Library/Caches/pai-voice/archive/38a4089d-079b-43e9-8cf5-45a08d150278.mp3
aeb68bfb-8efe-48ae-8a07-1ca78f8fe344	/Users/yaronkra/Library/Caches/pai-voice/archive/aeb68bfb-8efe-48ae-8a07-1ca78f8fe344.mp3
ca770c56-8a43-460d-a806-91bc51be38b0	/Users/yaronkra/Library/Caches/pai-voice/archive/ca770c56-8a43-460d-a806-91bc51be38b0.mp3
b4b77e12-f7c4-4e13-97f2-fe339347752a	/Users/yaronkra/Library/Caches/pai-voice/archive/b4b77e12-f7c4-4e13-97f2-fe339347752a.mp3
27a66b58-13ab-4327-9fee-fa5200295bfa	/Users/yaronkra/Library/Caches/pai-voice/archive/27a66b58-13ab-4327-9fee-fa5200295bfa.mp3
cd404d99-798f-4ed2-8661-47d4cfa59f09	/Users/yaronkra/Library/Caches/pai-voice/archive/cd404d99-798f-4ed2-8661-47d4cfa59f09.mp3
583a0011-608f-49a0-87d5-ba7786957be2	/Users/yaronkra/Library/Caches/pai-voice/archive/583a0011-608f-49a0-87d5-ba7786957be2.mp3
7149f48d-d184-42d1-97ae-218dd70c7ea9	/Users/yaronkra/Library/Caches/pai-voice/archive/7149f48d-d184-42d1-97ae-218dd70c7ea9.mp3
b10fbf20-3502-4117-9e27-b02806a34a4d	/Users/yaronkra/Library/Caches/pai-voice/archive/b10fbf20-3502-4117-9e27-b02806a34a4d.mp3
1a48f5fa-bcdc-4e21-a48f-646653b90e3d	/Users/yaronkra/Library/Caches/pai-voice/archive/1a48f5fa-bcdc-4e21-a48f-646653b90e3d.mp3
445cf1dd-4c84-40a4-b7fc-06cab33cfe0e	/Users/yaronkra/Library/Caches/pai-voice/archive/445cf1dd-4c84-40a4-b7fc-06cab33cfe0e.mp3
336a0108-2c70-419d-8772-c7e19db2cd94	/Users/yaronkra/Library/Caches/pai-voice/archive/336a0108-2c70-419d-8772-c7e19db2cd94.mp3
297f43ba-5569-447f-9574-3249363d5bb4	/Users/yaronkra/Library/Caches/pai-voice/archive/297f43ba-5569-447f-9574-3249363d5bb4.mp3
869decbc-4f2f-433d-a4e8-115eaaac0d22	/Users/yaronkra/Library/Caches/pai-voice/archive/869decbc-4f2f-433d-a4e8-115eaaac0d22.mp3
bc3379b6-648e-40f3-98dc-b077dd301fa5	/Users/yaronkra/Library/Caches/pai-voice/archive/bc3379b6-648e-40f3-98dc-b077dd301fa5.mp3
5e1b138d-fdd1-4690-a97f-332fa1a012d5	/Users/yaronkra/Library/Caches/pai-voice/archive/5e1b138d-fdd1-4690-a97f-332fa1a012d5.mp3
37d1c8ee-1589-49e7-90df-90b4f1ab9b04	/Users/yaronkra/Library/Caches/pai-voice/archive/37d1c8ee-1589-49e7-90df-90b4f1ab9b04.mp3
e9d7166c-da12-4d5f-afe1-4f080c2eea8a	/Users/yaronkra/Library/Caches/pai-voice/archive/e9d7166c-da12-4d5f-afe1-4f080c2eea8a.mp3
0ff61c32-da4d-458e-9c4f-ef9d33b0e46c	/Users/yaronkra/Library/Caches/pai-voice/archive/0ff61c32-da4d-458e-9c4f-ef9d33b0e46c.mp3
a71c74e3-74bb-478f-873c-4c36c97ab68d	/Users/yaronkra/Library/Caches/pai-voice/archive/a71c74e3-74bb-478f-873c-4c36c97ab68d.mp3
d8546781-6e73-4c1f-8964-bbbd8ecf6647	/Users/yaronkra/Library/Caches/pai-voice/archive/d8546781-6e73-4c1f-8964-bbbd8ecf6647.mp3
5aa3a6c0-5f0d-40cb-a0b7-58bf28f5fb14	/Users/yaronkra/Library/Caches/pai-voice/archive/5aa3a6c0-5f0d-40cb-a0b7-58bf28f5fb14.mp3
d185faca-753c-4358-9127-fb609ac7abbd	/Users/yaronkra/Library/Caches/pai-voice/archive/d185faca-753c-4358-9127-fb609ac7abbd.mp3
f0a0022b-69ab-4df0-8da7-d38f2930062c	/Users/yaronkra/Library/Caches/pai-voice/archive/f0a0022b-69ab-4df0-8da7-d38f2930062c.mp3
24258bb9-f81a-4d8c-b0d7-69379e79a1ad	/Users/yaronkra/Library/Caches/pai-voice/archive/24258bb9-f81a-4d8c-b0d7-69379e79a1ad.mp3
57c22349-7a2b-41dc-bd02-cd74a0000a2b	/Users/yaronkra/Library/Caches/pai-voice/archive/57c22349-7a2b-41dc-bd02-cd74a0000a2b.mp3
26559c6d-74d5-48dc-ac1b-3f7ca66a9183	/Users/yaronkra/Library/Caches/pai-voice/archive/26559c6d-74d5-48dc-ac1b-3f7ca66a9183.mp3
25b4cefb-dbc8-4d04-b2f2-b757ca048f81	/Users/yaronkra/Library/Caches/pai-voice/archive/25b4cefb-dbc8-4d04-b2f2-b757ca048f81.mp3
2075910d-a333-4494-b0ff-ef57d80ddac2	/Users/yaronkra/Library/Caches/pai-voice/archive/2075910d-a333-4494-b0ff-ef57d80ddac2.mp3
fe410947-4b16-47e5-8428-f0952b6bfd20	/Users/yaronkra/Library/Caches/pai-voice/archive/fe410947-4b16-47e5-8428-f0952b6bfd20.mp3
7a89a570-b238-4a94-9ed3-b00426723ac9	/Users/yaronkra/Library/Caches/pai-voice/archive/7a89a570-b238-4a94-9ed3-b00426723ac9.mp3
3e2e88c4-44f2-49cc-92f6-4f938a147dac	/Users/yaronkra/Library/Caches/pai-voice/archive/3e2e88c4-44f2-49cc-92f6-4f938a147dac.mp3
8d5bb3db-9048-435c-8de6-baa45dcfc848	/Users/yaronkra/Library/Caches/pai-voice/archive/8d5bb3db-9048-435c-8de6-baa45dcfc848.mp3
5a902236-b430-4c82-b034-42340bb296ee	/Users/yaronkra/Library/Caches/pai-voice/archive/5a902236-b430-4c82-b034-42340bb296ee.mp3
80f6dfdd-6710-4895-a8c5-a9dd2b231c05	/Users/yaronkra/Library/Caches/pai-voice/archive/80f6dfdd-6710-4895-a8c5-a9dd2b231c05.mp3
d98aa73c-157e-4574-aefa-e5ec76be8c40	/Users/yaronkra/Library/Caches/pai-voice/archive/d98aa73c-157e-4574-aefa-e5ec76be8c40.mp3
70cd69a9-dfaf-47d3-93af-2a0beeaccf8d	/Users/yaronkra/Library/Caches/pai-voice/archive/70cd69a9-dfaf-47d3-93af-2a0beeaccf8d.mp3
5ef667f0-05e0-4c63-8101-c5f7a2f41cd6	/Users/yaronkra/Library/Caches/pai-voice/archive/5ef667f0-05e0-4c63-8101-c5f7a2f41cd6.mp3
1db829a1-f759-44c2-abb0-5fc37a6b9eca	/Users/yaronkra/Library/Caches/pai-voice/archive/1db829a1-f759-44c2-abb0-5fc37a6b9eca.mp3
78092fe2-31b4-4749-881f-a7475d12610b	/Users/yaronkra/Library/Caches/pai-voice/archive/78092fe2-31b4-4749-881f-a7475d12610b.mp3
44f694be-2270-41d0-ac03-4ba3711e19b8	/Users/yaronkra/Library/Caches/pai-voice/archive/44f694be-2270-41d0-ac03-4ba3711e19b8.mp3
a2795681-3bac-434e-a262-7f64b35d8045	/Users/yaronkra/Library/Caches/pai-voice/archive/a2795681-3bac-434e-a262-7f64b35d8045.mp3
4b51f48b-66f4-474c-9867-6f2281ec3b76	/Users/yaronkra/Library/Caches/pai-voice/archive/4b51f48b-66f4-474c-9867-6f2281ec3b76.mp3
0b3c22df-15e3-46ff-beb9-941b8ac76d67	/Users/yaronkra/Library/Caches/pai-voice/archive/0b3c22df-15e3-46ff-beb9-941b8ac76d67.mp3
4a6c5993-f3fb-4670-8d5e-6c1783375c90	/Users/yaronkra/Library/Caches/pai-voice/archive/4a6c5993-f3fb-4670-8d5e-6c1783375c90.mp3
76cafe98-0f72-44c8-b97f-063a44e2d2c5	/Users/yaronkra/Library/Caches/pai-voice/archive/76cafe98-0f72-44c8-b97f-063a44e2d2c5.mp3
471b5523-7e1e-48b0-90a4-1b098cd83e89	/Users/yaronkra/Library/Caches/pai-voice/archive/471b5523-7e1e-48b0-90a4-1b098cd83e89.mp3
403e4b58-0709-4b34-9661-a780df33253c	/Users/yaronkra/Library/Caches/pai-voice/archive/403e4b58-0709-4b34-9661-a780df33253c.mp3
c626103a-8934-484f-8e3a-625e1a975223	/Users/yaronkra/Library/Caches/pai-voice/archive/c626103a-8934-484f-8e3a-625e1a975223.mp3
3f7de003-6b9b-4bb5-a395-6ba440144d4c	/Users/yaronkra/Library/Caches/pai-voice/archive/3f7de003-6b9b-4bb5-a395-6ba440144d4c.mp3
bb9655f9-0ac9-4600-863c-397b6a8e02ae	/Users/yaronkra/Library/Caches/pai-voice/archive/bb9655f9-0ac9-4600-863c-397b6a8e02ae.mp3
5ff7f9e9-eb7e-45b2-9f9c-5ec0f8b3cdf6	/Users/yaronkra/Library/Caches/pai-voice/archive/5ff7f9e9-eb7e-45b2-9f9c-5ec0f8b3cdf6.mp3
749040ef-16af-4280-b029-f64b54063384	/Users/yaronkra/Library/Caches/pai-voice/archive/749040ef-16af-4280-b029-f64b54063384.mp3
791f5d96-49d3-46af-be6c-ff74e71877ba	/Users/yaronkra/Library/Caches/pai-voice/archive/791f5d96-49d3-46af-be6c-ff74e71877ba.mp3
b06135c7-4758-4c34-875c-f11c879ea321	/Users/yaronkra/Library/Caches/pai-voice/archive/b06135c7-4758-4c34-875c-f11c879ea321.mp3
d5c7f66c-d58a-4114-b9f6-c3169ad5f55a	/Users/yaronkra/Library/Caches/pai-voice/archive/d5c7f66c-d58a-4114-b9f6-c3169ad5f55a.mp3
34dc2e38-6030-48ea-a1d9-0ca70572110c	/Users/yaronkra/Library/Caches/pai-voice/archive/34dc2e38-6030-48ea-a1d9-0ca70572110c.mp3
395ad219-8bb0-4e99-b5de-9760168cd6ef	/Users/yaronkra/Library/Caches/pai-voice/archive/395ad219-8bb0-4e99-b5de-9760168cd6ef.mp3
4c5e70ef-5246-43dd-bdb1-01ac03b333ae	/Users/yaronkra/Library/Caches/pai-voice/archive/4c5e70ef-5246-43dd-bdb1-01ac03b333ae.mp3
bfab4970-41f9-4a4f-be83-3b452aae6297	/Users/yaronkra/Library/Caches/pai-voice/archive/bfab4970-41f9-4a4f-be83-3b452aae6297.mp3
8e9fb271-dfb1-4c8e-af40-53395a87fba2	/Users/yaronkra/Library/Caches/pai-voice/archive/8e9fb271-dfb1-4c8e-af40-53395a87fba2.mp3
5aa4a1da-c769-42a8-acfe-b4dd753290f5	/Users/yaronkra/Library/Caches/pai-voice/archive/5aa4a1da-c769-42a8-acfe-b4dd753290f5.mp3
8459a4bc-fb2f-4c03-aecc-ef45a2961eb0	/Users/yaronkra/Library/Caches/pai-voice/archive/8459a4bc-fb2f-4c03-aecc-ef45a2961eb0.mp3
2bdfa40c-6ad4-448d-aa61-3593ef88e216	/Users/yaronkra/Library/Caches/pai-voice/archive/2bdfa40c-6ad4-448d-aa61-3593ef88e216.mp3
772cc98f-602e-4b41-94be-f76657cff064	/Users/yaronkra/Library/Caches/pai-voice/archive/772cc98f-602e-4b41-94be-f76657cff064.mp3
b41bb84a-4634-4d4a-8d14-5b438950cb84	/Users/yaronkra/Library/Caches/pai-voice/archive/b41bb84a-4634-4d4a-8d14-5b438950cb84.mp3
1741b9cd-b3c9-467f-9a39-66d638196945	/Users/yaronkra/Library/Caches/pai-voice/archive/1741b9cd-b3c9-467f-9a39-66d638196945.mp3
c8688e0e-4efe-4380-869d-762566350cf8	/Users/yaronkra/Library/Caches/pai-voice/archive/c8688e0e-4efe-4380-869d-762566350cf8.mp3
4fba595a-2ab5-4465-85f4-eb77bc1d5572	/Users/yaronkra/Library/Caches/pai-voice/archive/4fba595a-2ab5-4465-85f4-eb77bc1d5572.mp3
de83bff3-34c2-41c4-a645-3b92d9f4b353	/Users/yaronkra/Library/Caches/pai-voice/archive/de83bff3-34c2-41c4-a645-3b92d9f4b353.mp3
d30b62c7-224f-43c8-8876-d0311de5ea79	/Users/yaronkra/Library/Caches/pai-voice/archive/d30b62c7-224f-43c8-8876-d0311de5ea79.mp3
caa8789e-656c-4606-a402-59798d503b98	/Users/yaronkra/Library/Caches/pai-voice/archive/caa8789e-656c-4606-a402-59798d503b98.mp3
fd48a3a7-a6c6-4f0d-a721-1f520fabbaa7	/Users/yaronkra/Library/Caches/pai-voice/archive/fd48a3a7-a6c6-4f0d-a721-1f520fabbaa7.mp3
df9e2033-8999-4834-970f-c53fc4a6c1c5	/Users/yaronkra/Library/Caches/pai-voice/archive/df9e2033-8999-4834-970f-c53fc4a6c1c5.mp3
7f3dfe9d-d561-4756-8a9c-2f899c906df8	/Users/yaronkra/Library/Caches/pai-voice/archive/7f3dfe9d-d561-4756-8a9c-2f899c906df8.mp3
e0d49034-ae56-4c0d-8c15-fc30db626bed	/Users/yaronkra/Library/Caches/pai-voice/archive/e0d49034-ae56-4c0d-8c15-fc30db626bed.mp3
01874c06-1eb4-4935-9537-693a637568fe	/Users/yaronkra/Library/Caches/pai-voice/archive/01874c06-1eb4-4935-9537-693a637568fe.mp3
b88309ac-5a9b-4633-a518-7f818f08af2d	/Users/yaronkra/Library/Caches/pai-voice/archive/b88309ac-5a9b-4633-a518-7f818f08af2d.mp3
a88f8367-1ea8-4076-86b1-efe33a927860	/Users/yaronkra/Library/Caches/pai-voice/archive/a88f8367-1ea8-4076-86b1-efe33a927860.mp3
166430bf-d2e4-4171-950b-91170953cd7b	/Users/yaronkra/Library/Caches/pai-voice/archive/166430bf-d2e4-4171-950b-91170953cd7b.mp3
29602f6d-ad82-45a6-a4fc-0c7a85caeca6	/Users/yaronkra/Library/Caches/pai-voice/archive/29602f6d-ad82-45a6-a4fc-0c7a85caeca6.mp3
3723ee8a-e41c-4390-97a1-a411025cdda4	/Users/yaronkra/Library/Caches/pai-voice/archive/3723ee8a-e41c-4390-97a1-a411025cdda4.mp3
0bb48c10-cd43-454f-8988-b771aa561cb8	/Users/yaronkra/Library/Caches/pai-voice/archive/0bb48c10-cd43-454f-8988-b771aa561cb8.mp3
380ad67d-6876-4396-9a70-e0f9fb8220f5	/Users/yaronkra/Library/Caches/pai-voice/archive/380ad67d-6876-4396-9a70-e0f9fb8220f5.mp3
e6e35971-4970-4245-bd13-6fda4ddc821c	/Users/yaronkra/Library/Caches/pai-voice/archive/e6e35971-4970-4245-bd13-6fda4ddc821c.mp3
c6233d08-bd7a-4bf2-9ccf-c568ead86707	/Users/yaronkra/Library/Caches/pai-voice/archive/c6233d08-bd7a-4bf2-9ccf-c568ead86707.mp3
a1865cff-38ab-4fa9-9e02-89c1e91403b1	/Users/yaronkra/Library/Caches/pai-voice/archive/a1865cff-38ab-4fa9-9e02-89c1e91403b1.mp3
613c254f-e88f-471b-a6cf-3e29c38cf766	/Users/yaronkra/Library/Caches/pai-voice/archive/613c254f-e88f-471b-a6cf-3e29c38cf766.mp3
5c675687-cc59-4ad3-a998-aa3718558823	/Users/yaronkra/Library/Caches/pai-voice/archive/5c675687-cc59-4ad3-a998-aa3718558823.mp3
b6db9a82-ac02-4998-a8b8-0a88f00117da	/Users/yaronkra/Library/Caches/pai-voice/archive/b6db9a82-ac02-4998-a8b8-0a88f00117da.mp3
a676f867-4b8e-4e14-b94d-3a7b3e3867e8	/Users/yaronkra/Library/Caches/pai-voice/archive/a676f867-4b8e-4e14-b94d-3a7b3e3867e8.mp3
2aaae5bd-f9d9-4b97-bbd4-1a438a18ec12	/Users/yaronkra/Library/Caches/pai-voice/archive/2aaae5bd-f9d9-4b97-bbd4-1a438a18ec12.mp3
603a2d93-90bd-44e0-8928-419877a0b37d	/Users/yaronkra/Library/Caches/pai-voice/archive/603a2d93-90bd-44e0-8928-419877a0b37d.mp3
e2bcf5da-f255-4785-972d-62d9d42caead	/Users/yaronkra/Library/Caches/pai-voice/archive/e2bcf5da-f255-4785-972d-62d9d42caead.mp3
e6152cb1-3b30-4f32-9411-cb9a4ab8fed6	/Users/yaronkra/Library/Caches/pai-voice/archive/e6152cb1-3b30-4f32-9411-cb9a4ab8fed6.mp3
ef122bb4-d197-44a1-b99c-064d717981b4	/Users/yaronkra/Library/Caches/pai-voice/archive/ef122bb4-d197-44a1-b99c-064d717981b4.mp3
1d962122-fa4f-4e5f-880b-d39ae58eb23a	/Users/yaronkra/Library/Caches/pai-voice/archive/1d962122-fa4f-4e5f-880b-d39ae58eb23a.mp3
fe7e6700-341a-4a9a-a22c-dc9222c30f5b	/Users/yaronkra/Library/Caches/pai-voice/archive/fe7e6700-341a-4a9a-a22c-dc9222c30f5b.mp3
72aca06a-6519-4998-abbf-e53398d7dacd	/Users/yaronkra/Library/Caches/pai-voice/archive/72aca06a-6519-4998-abbf-e53398d7dacd.mp3
aeb7f567-9bb6-4df2-ad55-4cf7e547ee76	/Users/yaronkra/Library/Caches/pai-voice/archive/aeb7f567-9bb6-4df2-ad55-4cf7e547ee76.mp3
3bfc8976-9391-45cc-a380-6b58c292973b	/Users/yaronkra/Library/Caches/pai-voice/archive/3bfc8976-9391-45cc-a380-6b58c292973b.mp3
6de29f4e-8785-48ce-9f61-4b855b9eb3c8	/Users/yaronkra/Library/Caches/pai-voice/archive/6de29f4e-8785-48ce-9f61-4b855b9eb3c8.mp3
d606654f-f537-447a-aefd-9646173a2390	/Users/yaronkra/Library/Caches/pai-voice/archive/d606654f-f537-447a-aefd-9646173a2390.mp3
6ed67f6a-72cd-48af-ac40-79f8f1f948a1	/Users/yaronkra/Library/Caches/pai-voice/archive/6ed67f6a-72cd-48af-ac40-79f8f1f948a1.mp3
f592e833-f202-4694-95d3-21f59bf626db	/Users/yaronkra/Library/Caches/pai-voice/archive/f592e833-f202-4694-95d3-21f59bf626db.mp3
230860d2-6778-4ad6-bb9f-cd7a6c6bc3e3	/Users/yaronkra/Library/Caches/pai-voice/archive/230860d2-6778-4ad6-bb9f-cd7a6c6bc3e3.mp3
23410c9c-bbe7-4280-97d8-f3a961ed7c6b	/Users/yaronkra/Library/Caches/pai-voice/archive/23410c9c-bbe7-4280-97d8-f3a961ed7c6b.mp3
1fa2edf4-79f6-4222-b98e-5e3b644e2b1a	/Users/yaronkra/Library/Caches/pai-voice/archive/1fa2edf4-79f6-4222-b98e-5e3b644e2b1a.mp3
5e2edeb9-3766-430e-9810-32ee24f2d02f	/Users/yaronkra/Library/Caches/pai-voice/archive/5e2edeb9-3766-430e-9810-32ee24f2d02f.mp3
c453ec2a-8f61-4f4d-bc49-e55eaf3ee3fa	/Users/yaronkra/Library/Caches/pai-voice/archive/c453ec2a-8f61-4f4d-bc49-e55eaf3ee3fa.mp3
a0f0daff-d029-46e8-8289-32be041e2085	/Users/yaronkra/Library/Caches/pai-voice/archive/a0f0daff-d029-46e8-8289-32be041e2085.mp3
b1c129fd-4093-418e-8f9b-f83f2ac9d1ee	/Users/yaronkra/Library/Caches/pai-voice/archive/b1c129fd-4093-418e-8f9b-f83f2ac9d1ee.mp3
873d504d-bf45-4387-825c-5f0f5fc06eb4	/Users/yaronkra/Library/Caches/pai-voice/archive/873d504d-bf45-4387-825c-5f0f5fc06eb4.mp3
1d960af5-cc9c-4cc6-98fa-2837b7174aea	/Users/yaronkra/Library/Caches/pai-voice/archive/1d960af5-cc9c-4cc6-98fa-2837b7174aea.mp3
ef67aafb-5383-402d-a03a-001373f8f932	/Users/yaronkra/Library/Caches/pai-voice/archive/ef67aafb-5383-402d-a03a-001373f8f932.mp3
586cc18a-010f-4076-bde3-a76b1ffb4208	/Users/yaronkra/Library/Caches/pai-voice/archive/586cc18a-010f-4076-bde3-a76b1ffb4208.mp3
6365ae2a-ab26-403e-9214-9aa56a69600e	/Users/yaronkra/Library/Caches/pai-voice/archive/6365ae2a-ab26-403e-9214-9aa56a69600e.mp3
4b979884-0ca4-44ed-8fff-fea438ee29e5	/Users/yaronkra/Library/Caches/pai-voice/archive/4b979884-0ca4-44ed-8fff-fea438ee29e5.mp3
cf4d5949-6aa9-4aa4-a4d5-62a9495ede53	/Users/yaronkra/Library/Caches/pai-voice/archive/cf4d5949-6aa9-4aa4-a4d5-62a9495ede53.mp3
71bf6f52-7628-4b8c-91d0-3656d483c189	/Users/yaronkra/Library/Caches/pai-voice/archive/71bf6f52-7628-4b8c-91d0-3656d483c189.mp3
53691696-e65b-41b2-9a6d-73ed030fd97a	/Users/yaronkra/Library/Caches/pai-voice/archive/53691696-e65b-41b2-9a6d-73ed030fd97a.mp3
4796337d-d461-4c28-bf53-4f2a38cda93a	/Users/yaronkra/Library/Caches/pai-voice/archive/4796337d-d461-4c28-bf53-4f2a38cda93a.mp3
af6f2a07-ca31-46a7-bf2b-abfa0cd689cd	/Users/yaronkra/Library/Caches/pai-voice/archive/af6f2a07-ca31-46a7-bf2b-abfa0cd689cd.mp3
e2d68fa4-b0fa-4d7a-8eed-6536a9f4fdbd	/Users/yaronkra/Library/Caches/pai-voice/archive/e2d68fa4-b0fa-4d7a-8eed-6536a9f4fdbd.mp3
0afb2bb0-ef49-4913-b474-1b4d36b612e9	/Users/yaronkra/Library/Caches/pai-voice/archive/0afb2bb0-ef49-4913-b474-1b4d36b612e9.mp3
5c090a8a-5324-4bc1-a08c-010174f7099e	/Users/yaronkra/Library/Caches/pai-voice/archive/5c090a8a-5324-4bc1-a08c-010174f7099e.mp3
b1495bdc-3c8b-414b-8183-d926a5f56b49	/Users/yaronkra/Library/Caches/pai-voice/archive/b1495bdc-3c8b-414b-8183-d926a5f56b49.mp3
b405e25e-5dda-4ae7-bc06-381b77ea20e5	/Users/yaronkra/Library/Caches/pai-voice/archive/b405e25e-5dda-4ae7-bc06-381b77ea20e5.mp3
0dd5d4ab-43f0-42a0-97c7-bf4ce91c7f23	/Users/yaronkra/Library/Caches/pai-voice/archive/0dd5d4ab-43f0-42a0-97c7-bf4ce91c7f23.mp3
85087fdb-d4f4-432f-8868-8ec5712612e4	/Users/yaronkra/Library/Caches/pai-voice/archive/85087fdb-d4f4-432f-8868-8ec5712612e4.mp3
44c249da-dfa9-474d-9200-008966639324	/Users/yaronkra/Library/Caches/pai-voice/archive/44c249da-dfa9-474d-9200-008966639324.mp3
d97797bc-d663-452e-a45a-b6a8ecb2beba	/Users/yaronkra/Library/Caches/pai-voice/archive/d97797bc-d663-452e-a45a-b6a8ecb2beba.mp3
cdf74c93-0dc0-43cb-8ab8-f8f69e13612f	/Users/yaronkra/Library/Caches/pai-voice/archive/cdf74c93-0dc0-43cb-8ab8-f8f69e13612f.mp3
cfd63a89-5002-43b0-aadd-eccf95e5df94	/Users/yaronkra/Library/Caches/pai-voice/archive/cfd63a89-5002-43b0-aadd-eccf95e5df94.mp3
c0f2a58c-2cce-4e5c-b9b4-1610e4d370cd	/Users/yaronkra/Library/Caches/pai-voice/archive/c0f2a58c-2cce-4e5c-b9b4-1610e4d370cd.mp3
9ec9b6f9-42fc-417b-82c6-db8f862d6b90	/Users/yaronkra/Library/Caches/pai-voice/archive/9ec9b6f9-42fc-417b-82c6-db8f862d6b90.mp3
4deba123-f938-44ad-9a8c-f94a848e210c	/Users/yaronkra/Library/Caches/pai-voice/archive/4deba123-f938-44ad-9a8c-f94a848e210c.mp3
470762fc-afb2-43af-a0a4-9786327c7dec	/Users/yaronkra/Library/Caches/pai-voice/archive/470762fc-afb2-43af-a0a4-9786327c7dec.mp3
3c41565d-d5d3-4544-ae1c-9463c670bb4d	/Users/yaronkra/Library/Caches/pai-voice/archive/3c41565d-d5d3-4544-ae1c-9463c670bb4d.mp3
4000753c-374a-4a54-9916-5bdb5c55814a	/Users/yaronkra/Library/Caches/pai-voice/archive/4000753c-374a-4a54-9916-5bdb5c55814a.mp3
d2ff2833-7cfa-4fe0-8919-96e32d891b37	/Users/yaronkra/Library/Caches/pai-voice/archive/d2ff2833-7cfa-4fe0-8919-96e32d891b37.mp3
a34aabdf-456e-4c12-bcc0-b3c0d55cb357	/Users/yaronkra/Library/Caches/pai-voice/archive/a34aabdf-456e-4c12-bcc0-b3c0d55cb357.mp3
4cc13b15-cdbc-44b3-a3e1-2c2bb3e48389	/Users/yaronkra/Library/Caches/pai-voice/archive/4cc13b15-cdbc-44b3-a3e1-2c2bb3e48389.mp3
897034f8-2949-4161-bcce-6648cb943ce3	/Users/yaronkra/Library/Caches/pai-voice/archive/897034f8-2949-4161-bcce-6648cb943ce3.mp3
8946c2ad-2625-4c44-bd6f-4d581b37dbac	/Users/yaronkra/Library/Caches/pai-voice/archive/8946c2ad-2625-4c44-bd6f-4d581b37dbac.mp3
8f940d7e-dab7-4f97-8612-2614f51fab0f	/Users/yaronkra/Library/Caches/pai-voice/archive/8f940d7e-dab7-4f97-8612-2614f51fab0f.mp3
d5458e7b-a02b-415d-9863-05f4bfe7bb81	/Users/yaronkra/Library/Caches/pai-voice/archive/d5458e7b-a02b-415d-9863-05f4bfe7bb81.mp3
35a387be-5b7d-4932-8ae7-2a39fa317161	/Users/yaronkra/Library/Caches/pai-voice/archive/35a387be-5b7d-4932-8ae7-2a39fa317161.mp3
bb65df68-fa04-47ab-9eca-a1e7e05ff990	/Users/yaronkra/Library/Caches/pai-voice/archive/bb65df68-fa04-47ab-9eca-a1e7e05ff990.mp3
b8f50751-2415-4129-9c7a-163a9d28c529	/Users/yaronkra/Library/Caches/pai-voice/archive/b8f50751-2415-4129-9c7a-163a9d28c529.mp3
81d6c41c-5ccf-4e95-b2d0-1020cd971bed	/Users/yaronkra/Library/Caches/pai-voice/archive/81d6c41c-5ccf-4e95-b2d0-1020cd971bed.mp3
0c1f6f8b-3af4-4533-b61b-f5963a6e6f29	/Users/yaronkra/Library/Caches/pai-voice/archive/0c1f6f8b-3af4-4533-b61b-f5963a6e6f29.mp3
801076f3-18f0-413a-a206-f6031e9e16b3	/Users/yaronkra/Library/Caches/pai-voice/archive/801076f3-18f0-413a-a206-f6031e9e16b3.mp3
210cb5ca-906f-4d20-8c0a-9ff8991a47cf	/Users/yaronkra/Library/Caches/pai-voice/archive/210cb5ca-906f-4d20-8c0a-9ff8991a47cf.mp3
6cf16d1e-7b89-4d06-b8dd-1e7c5b5b4cb4	/Users/yaronkra/Library/Caches/pai-voice/archive/6cf16d1e-7b89-4d06-b8dd-1e7c5b5b4cb4.mp3
89dd5e8c-eabb-4952-87bb-1c7f70d9ad60	/Users/yaronkra/Library/Caches/pai-voice/archive/89dd5e8c-eabb-4952-87bb-1c7f70d9ad60.mp3
1d64fe51-e467-4f05-b938-0e90103f598c	/Users/yaronkra/Library/Caches/pai-voice/archive/1d64fe51-e467-4f05-b938-0e90103f598c.mp3
0b87e067-b160-41aa-8985-42e741500e5d	/Users/yaronkra/Library/Caches/pai-voice/archive/0b87e067-b160-41aa-8985-42e741500e5d.mp3
320a82c2-3a59-493b-9aa4-5a233da4ee16	/Users/yaronkra/Library/Caches/pai-voice/archive/320a82c2-3a59-493b-9aa4-5a233da4ee16.mp3
1dc3a51c-156a-4d91-98cc-ec42c0ec6157	/Users/yaronkra/Library/Caches/pai-voice/archive/1dc3a51c-156a-4d91-98cc-ec42c0ec6157.mp3
6bce85dd-d823-48d9-90bc-111fc4fb909f	/Users/yaronkra/Library/Caches/pai-voice/archive/6bce85dd-d823-48d9-90bc-111fc4fb909f.mp3
77c40e9c-6f36-4d0f-a045-d246a74b503d	/Users/yaronkra/Library/Caches/pai-voice/archive/77c40e9c-6f36-4d0f-a045-d246a74b503d.mp3
818729b7-51fc-4534-b15f-09404f8978dc	/Users/yaronkra/Library/Caches/pai-voice/archive/818729b7-51fc-4534-b15f-09404f8978dc.mp3
98b95ec1-93bd-49fd-9180-63917bacce1d	/Users/yaronkra/Library/Caches/pai-voice/archive/98b95ec1-93bd-49fd-9180-63917bacce1d.mp3
65ce301a-8d65-4729-b4c3-390d9470cdc0	/Users/yaronkra/Library/Caches/pai-voice/archive/65ce301a-8d65-4729-b4c3-390d9470cdc0.mp3
20e34fd2-4b46-4bc1-8eb4-d6b26f39c536	/Users/yaronkra/Library/Caches/pai-voice/archive/20e34fd2-4b46-4bc1-8eb4-d6b26f39c536.mp3
d2abb49e-9b59-453e-9ed5-c5d7aaf5b5ac	/Users/yaronkra/Library/Caches/pai-voice/archive/d2abb49e-9b59-453e-9ed5-c5d7aaf5b5ac.mp3
3c38fab4-8a4c-4e51-9a42-1b4a7cd2d95e	/Users/yaronkra/Library/Caches/pai-voice/archive/3c38fab4-8a4c-4e51-9a42-1b4a7cd2d95e.mp3
f39a5b43-a768-4af2-ac03-ee4f5633ced8	/Users/yaronkra/Library/Caches/pai-voice/archive/f39a5b43-a768-4af2-ac03-ee4f5633ced8.mp3
f8e6aff5-e0d5-4e82-bedf-eae4f85cd23a	/Users/yaronkra/Library/Caches/pai-voice/archive/f8e6aff5-e0d5-4e82-bedf-eae4f85cd23a.mp3
adabacbe-c995-4a26-a8c7-0a58a2c54c04	/Users/yaronkra/Library/Caches/pai-voice/archive/adabacbe-c995-4a26-a8c7-0a58a2c54c04.mp3
7ddf1594-af1e-4ab5-bcc5-9341e80048df	/Users/yaronkra/Library/Caches/pai-voice/archive/7ddf1594-af1e-4ab5-bcc5-9341e80048df.mp3
1db8e442-8ce0-4031-b2df-f004d5931a84	/Users/yaronkra/Library/Caches/pai-voice/archive/1db8e442-8ce0-4031-b2df-f004d5931a84.mp3
ecc773eb-1215-43d5-af03-ed1ab1a02eaf	/Users/yaronkra/Library/Caches/pai-voice/archive/ecc773eb-1215-43d5-af03-ed1ab1a02eaf.mp3
b2c0dca6-ea26-4547-81be-cef90a39c2e8	/Users/yaronkra/Library/Caches/pai-voice/archive/b2c0dca6-ea26-4547-81be-cef90a39c2e8.mp3
4edecfd0-be45-459a-8558-2451e1767799	/Users/yaronkra/Library/Caches/pai-voice/archive/4edecfd0-be45-459a-8558-2451e1767799.mp3
a424dd9d-c639-48e0-a538-13a5a7afdb4d	/Users/yaronkra/Library/Caches/pai-voice/archive/a424dd9d-c639-48e0-a538-13a5a7afdb4d.mp3
7d86987e-a5fc-4548-8c41-cf0a5f6c226c	/Users/yaronkra/Library/Caches/pai-voice/archive/7d86987e-a5fc-4548-8c41-cf0a5f6c226c.mp3
e8d8509c-5d6a-41d7-b1c0-586985bec317	/Users/yaronkra/Library/Caches/pai-voice/archive/e8d8509c-5d6a-41d7-b1c0-586985bec317.mp3
f26b5143-c695-4649-9a25-bc1c229375ad	/Users/yaronkra/Library/Caches/pai-voice/archive/f26b5143-c695-4649-9a25-bc1c229375ad.mp3
b9f22848-3cd5-45ee-8cd4-1f837da2e067	/Users/yaronkra/Library/Caches/pai-voice/archive/b9f22848-3cd5-45ee-8cd4-1f837da2e067.mp3
e541aff4-a612-4040-80c0-0fd217bfbbc8	/Users/yaronkra/Library/Caches/pai-voice/archive/e541aff4-a612-4040-80c0-0fd217bfbbc8.mp3
95ca1fcf-cb38-4c2e-9454-67b64a01fd72	/Users/yaronkra/Library/Caches/pai-voice/archive/95ca1fcf-cb38-4c2e-9454-67b64a01fd72.mp3
30ad5851-26af-444c-9381-047d0d3b9bd7	/Users/yaronkra/Library/Caches/pai-voice/archive/30ad5851-26af-444c-9381-047d0d3b9bd7.mp3
046f39d6-5d4b-4d0d-be3f-34ca5b16866a	/Users/yaronkra/Library/Caches/pai-voice/archive/046f39d6-5d4b-4d0d-be3f-34ca5b16866a.mp3
64d44f14-dfa4-41df-9d39-96484cbb67a6	/Users/yaronkra/Library/Caches/pai-voice/archive/64d44f14-dfa4-41df-9d39-96484cbb67a6.mp3
ff3c3514-094e-47be-b519-83c403fb6458	/Users/yaronkra/Library/Caches/pai-voice/archive/ff3c3514-094e-47be-b519-83c403fb6458.mp3
720ed9cb-eba6-47dc-a9c9-29f480e7289f	/Users/yaronkra/Library/Caches/pai-voice/archive/720ed9cb-eba6-47dc-a9c9-29f480e7289f.mp3
61e362f1-74d7-4d7b-a732-81b2b8be9db7	/Users/yaronkra/Library/Caches/pai-voice/archive/61e362f1-74d7-4d7b-a732-81b2b8be9db7.mp3
9fa4f1e1-714d-4c22-9723-bd9bb59650d7	/Users/yaronkra/Library/Caches/pai-voice/archive/9fa4f1e1-714d-4c22-9723-bd9bb59650d7.mp3
27fa0207-2021-4a05-a648-fef126fc27d7	/Users/yaronkra/Library/Caches/pai-voice/archive/27fa0207-2021-4a05-a648-fef126fc27d7.mp3
2fcb8f43-f0f7-43c8-bd14-d2d3d3487f01	/Users/yaronkra/Library/Caches/pai-voice/archive/2fcb8f43-f0f7-43c8-bd14-d2d3d3487f01.mp3
a0f2880e-de0e-4106-a79e-cf2e966b86a4	/Users/yaronkra/Library/Caches/pai-voice/archive/a0f2880e-de0e-4106-a79e-cf2e966b86a4.mp3
179127fc-d150-4627-8416-78898713e19f	/Users/yaronkra/Library/Caches/pai-voice/archive/179127fc-d150-4627-8416-78898713e19f.mp3
5582c4a3-65cd-4b60-988c-ead1f99c3165	/Users/yaronkra/Library/Caches/pai-voice/archive/5582c4a3-65cd-4b60-988c-ead1f99c3165.mp3
f717712c-e379-4f73-ba89-21ba0b58a64f	/Users/yaronkra/Library/Caches/pai-voice/archive/f717712c-e379-4f73-ba89-21ba0b58a64f.mp3
b59bd18a-f3eb-430d-8875-62196572fefb	/Users/yaronkra/Library/Caches/pai-voice/archive/b59bd18a-f3eb-430d-8875-62196572fefb.mp3
e6fbe6e3-2484-4abc-ad22-5041e9268c3c	/Users/yaronkra/Library/Caches/pai-voice/archive/e6fbe6e3-2484-4abc-ad22-5041e9268c3c.mp3
9596f4df-c0ed-4e4b-90f2-719421fa6f56	/Users/yaronkra/Library/Caches/pai-voice/archive/9596f4df-c0ed-4e4b-90f2-719421fa6f56.mp3
29489b15-7353-47fa-91b9-90519f3e8a04	/Users/yaronkra/Library/Caches/pai-voice/archive/29489b15-7353-47fa-91b9-90519f3e8a04.mp3
2d42545d-d581-40d0-a16e-bbf9ff115b3a	/Users/yaronkra/Library/Caches/pai-voice/archive/2d42545d-d581-40d0-a16e-bbf9ff115b3a.mp3
88f8971a-3bd2-4f99-90ff-e1bd042b2dfc	/Users/yaronkra/Library/Caches/pai-voice/archive/88f8971a-3bd2-4f99-90ff-e1bd042b2dfc.mp3
e2593860-3613-453d-869b-bed33314887d	/Users/yaronkra/Library/Caches/pai-voice/archive/e2593860-3613-453d-869b-bed33314887d.mp3
0cdfaea1-4eec-452c-905e-e117e550669c	/Users/yaronkra/Library/Caches/pai-voice/archive/0cdfaea1-4eec-452c-905e-e117e550669c.mp3
2bc76cdc-3bed-446b-969c-ca732616451b	/Users/yaronkra/Library/Caches/pai-voice/archive/2bc76cdc-3bed-446b-969c-ca732616451b.mp3
998551ca-f27e-4e5f-a402-da50bb34fb96	/Users/yaronkra/Library/Caches/pai-voice/archive/998551ca-f27e-4e5f-a402-da50bb34fb96.mp3
39bdae09-8520-48a7-8abe-ddc1ac905538	/Users/yaronkra/Library/Caches/pai-voice/archive/39bdae09-8520-48a7-8abe-ddc1ac905538.mp3
488070e8-4c93-4344-94a0-7a8fd34e2444	/Users/yaronkra/Library/Caches/pai-voice/archive/488070e8-4c93-4344-94a0-7a8fd34e2444.mp3
16fce47d-ac75-44c6-a8d1-59cd041e2f1d	/Users/yaronkra/Library/Caches/pai-voice/archive/16fce47d-ac75-44c6-a8d1-59cd041e2f1d.mp3
00a17a5d-496d-4287-ab04-ae7ac1d09111	/Users/yaronkra/Library/Caches/pai-voice/archive/00a17a5d-496d-4287-ab04-ae7ac1d09111.mp3
957f9808-84d4-4066-b899-ffb4780af653	/Users/yaronkra/Library/Caches/pai-voice/archive/957f9808-84d4-4066-b899-ffb4780af653.mp3
8686beff-f1b2-47c7-82e5-d2913822ebe1	/Users/yaronkra/Library/Caches/pai-voice/archive/8686beff-f1b2-47c7-82e5-d2913822ebe1.mp3
d7f8fa87-cf29-47c5-9c13-d2b1cc8a2645	/Users/yaronkra/Library/Caches/pai-voice/archive/d7f8fa87-cf29-47c5-9c13-d2b1cc8a2645.mp3
878ac8e8-1001-4dd4-a037-2dbca8cc80ca	/Users/yaronkra/Library/Caches/pai-voice/archive/878ac8e8-1001-4dd4-a037-2dbca8cc80ca.mp3
e0d0a8bf-bfe3-49de-a401-0114ffe7438b	/Users/yaronkra/Library/Caches/pai-voice/archive/e0d0a8bf-bfe3-49de-a401-0114ffe7438b.mp3
41b4df08-93e2-49d1-9fcf-9906a57b206c	/Users/yaronkra/Library/Caches/pai-voice/archive/41b4df08-93e2-49d1-9fcf-9906a57b206c.mp3
10978f82-6a02-4749-950e-a252ef129974	/Users/yaronkra/Library/Caches/pai-voice/archive/10978f82-6a02-4749-950e-a252ef129974.mp3
7a5eee46-3799-4912-982e-00a2f4c80b78	/Users/yaronkra/Library/Caches/pai-voice/archive/7a5eee46-3799-4912-982e-00a2f4c80b78.mp3
20704de1-0a48-41a0-97c9-491a78deee71	/Users/yaronkra/Library/Caches/pai-voice/archive/20704de1-0a48-41a0-97c9-491a78deee71.mp3
28d155ca-0952-4aec-b65d-b83c00bc310a	/Users/yaronkra/Library/Caches/pai-voice/archive/28d155ca-0952-4aec-b65d-b83c00bc310a.mp3
07561794-d741-4843-bda7-ec06a97dc09f	/Users/yaronkra/Library/Caches/pai-voice/archive/07561794-d741-4843-bda7-ec06a97dc09f.mp3
ec243c02-04ac-4e87-85d9-dd6fb06ef6d7	/Users/yaronkra/Library/Caches/pai-voice/archive/ec243c02-04ac-4e87-85d9-dd6fb06ef6d7.mp3
d73267f4-c6cb-47d4-a03b-3b3bdaa7caf1	/Users/yaronkra/Library/Caches/pai-voice/archive/d73267f4-c6cb-47d4-a03b-3b3bdaa7caf1.mp3
7348d7e6-ccf1-486f-8e08-e62007477499	/Users/yaronkra/Library/Caches/pai-voice/archive/7348d7e6-ccf1-486f-8e08-e62007477499.mp3
839939bd-9bdc-4498-bfac-c87ef0c4c58a	/Users/yaronkra/Library/Caches/pai-voice/archive/839939bd-9bdc-4498-bfac-c87ef0c4c58a.mp3
be83ada8-4c8e-486d-91a0-9d9eee5f79de	/Users/yaronkra/Library/Caches/pai-voice/archive/be83ada8-4c8e-486d-91a0-9d9eee5f79de.mp3
4eaa0cc8-e1d8-481f-ac31-d89d38117963	/Users/yaronkra/Library/Caches/pai-voice/archive/4eaa0cc8-e1d8-481f-ac31-d89d38117963.mp3
062bd372-ca70-42ef-a41c-ca442d0f65c6	/Users/yaronkra/Library/Caches/pai-voice/archive/062bd372-ca70-42ef-a41c-ca442d0f65c6.mp3
7cddf567-cb2b-422a-a06c-9fefdac989cb	/Users/yaronkra/Library/Caches/pai-voice/archive/7cddf567-cb2b-422a-a06c-9fefdac989cb.mp3
5338a06e-bd70-409a-8c6d-140c0795aae0	/Users/yaronkra/Library/Caches/pai-voice/archive/5338a06e-bd70-409a-8c6d-140c0795aae0.mp3
bc4f97f7-5885-4627-b269-95732e85bdaf	/Users/yaronkra/Library/Caches/pai-voice/archive/bc4f97f7-5885-4627-b269-95732e85bdaf.mp3
608cc6ea-a8d5-4773-b7c8-7de1e467f588	/Users/yaronkra/Library/Caches/pai-voice/archive/608cc6ea-a8d5-4773-b7c8-7de1e467f588.mp3
84aa0e70-35df-4e0c-b327-62006fb99437	/Users/yaronkra/Library/Caches/pai-voice/archive/84aa0e70-35df-4e0c-b327-62006fb99437.mp3
79f7a86b-116d-409a-8e9f-d5717f472014	/Users/yaronkra/Library/Caches/pai-voice/archive/79f7a86b-116d-409a-8e9f-d5717f472014.mp3
706aa00c-062d-41d1-8d71-2c1208bb80c3	/Users/yaronkra/Library/Caches/pai-voice/archive/706aa00c-062d-41d1-8d71-2c1208bb80c3.mp3
25edb28e-bccd-4e23-98cb-58bcad1fbda7	/Users/yaronkra/Library/Caches/pai-voice/archive/25edb28e-bccd-4e23-98cb-58bcad1fbda7.mp3
4c201de5-0ead-47f6-9374-9415e0031397	/Users/yaronkra/Library/Caches/pai-voice/archive/4c201de5-0ead-47f6-9374-9415e0031397.mp3
f1fce1b7-f303-4e2d-ac6b-b8ed689ec7a8	/Users/yaronkra/Library/Caches/pai-voice/archive/f1fce1b7-f303-4e2d-ac6b-b8ed689ec7a8.mp3
0bf1b120-739c-4b97-8dd5-a97da861fef9	/Users/yaronkra/Library/Caches/pai-voice/archive/0bf1b120-739c-4b97-8dd5-a97da861fef9.mp3
591e46eb-d661-4209-8996-c197e4e74d92	/Users/yaronkra/Library/Caches/pai-voice/archive/591e46eb-d661-4209-8996-c197e4e74d92.mp3
e570b0c8-3e46-4045-93c4-87021caa9725	/Users/yaronkra/Library/Caches/pai-voice/archive/e570b0c8-3e46-4045-93c4-87021caa9725.mp3
c9268b68-9674-4073-9751-b06f7035c15a	/Users/yaronkra/Library/Caches/pai-voice/archive/c9268b68-9674-4073-9751-b06f7035c15a.mp3
fd478e56-49aa-4dda-9278-d2fc5f305724	/Users/yaronkra/Library/Caches/pai-voice/archive/fd478e56-49aa-4dda-9278-d2fc5f305724.mp3
386e3471-ac07-451d-a736-d5fcff93bfb4	/Users/yaronkra/Library/Caches/pai-voice/archive/386e3471-ac07-451d-a736-d5fcff93bfb4.mp3
a7bd0092-d454-4eea-83b6-0290586c420f	/Users/yaronkra/Library/Caches/pai-voice/archive/a7bd0092-d454-4eea-83b6-0290586c420f.mp3
d18c0c80-8eab-4402-975d-b7337e28d37f	/Users/yaronkra/Library/Caches/pai-voice/archive/d18c0c80-8eab-4402-975d-b7337e28d37f.mp3
219093aa-3da4-4eaf-8b51-60826a8fa301	/Users/yaronkra/Library/Caches/pai-voice/archive/219093aa-3da4-4eaf-8b51-60826a8fa301.mp3
126988d2-387e-4944-8cd2-a562eecb07aa	/Users/yaronkra/Library/Caches/pai-voice/archive/126988d2-387e-4944-8cd2-a562eecb07aa.mp3
a15a9c65-915a-4013-9a85-a3b8267531cf	/Users/yaronkra/Library/Caches/pai-voice/archive/a15a9c65-915a-4013-9a85-a3b8267531cf.mp3
913bad54-800c-4871-b7bf-96d101d31a43	/Users/yaronkra/Library/Caches/pai-voice/archive/913bad54-800c-4871-b7bf-96d101d31a43.mp3
68044833-0748-4ad6-bc9d-14d1fc093ead	/Users/yaronkra/Library/Caches/pai-voice/archive/68044833-0748-4ad6-bc9d-14d1fc093ead.mp3
e4b87d36-3306-43f5-a518-3180de821704	/Users/yaronkra/Library/Caches/pai-voice/archive/e4b87d36-3306-43f5-a518-3180de821704.mp3
3fa6ac0d-9c5a-4047-9012-c5351539a98b	/Users/yaronkra/Library/Caches/pai-voice/archive/3fa6ac0d-9c5a-4047-9012-c5351539a98b.mp3
c3c35f2c-9949-43d0-a145-182a0af7c180	/Users/yaronkra/Library/Caches/pai-voice/archive/c3c35f2c-9949-43d0-a145-182a0af7c180.mp3
ee2e8bdf-6cda-4df5-be64-a992ef3d1cf9	/Users/yaronkra/Library/Caches/pai-voice/archive/ee2e8bdf-6cda-4df5-be64-a992ef3d1cf9.mp3
2b6719ac-ba26-42c8-9cf4-dd1136f13ee1	/Users/yaronkra/Library/Caches/pai-voice/archive/2b6719ac-ba26-42c8-9cf4-dd1136f13ee1.mp3
7cdafbce-aaf7-4d7c-8dfa-0ad661977129	/Users/yaronkra/Library/Caches/pai-voice/archive/7cdafbce-aaf7-4d7c-8dfa-0ad661977129.mp3
c911df0f-60bd-4863-b818-1574c7df0bb8	/Users/yaronkra/Library/Caches/pai-voice/archive/c911df0f-60bd-4863-b818-1574c7df0bb8.mp3
fad76879-cfdb-4205-9e07-a43a1bf65ee3	/Users/yaronkra/Library/Caches/pai-voice/archive/fad76879-cfdb-4205-9e07-a43a1bf65ee3.mp3
c4115695-242d-4de8-8ea6-8bf9c678de18	/Users/yaronkra/Library/Caches/pai-voice/archive/c4115695-242d-4de8-8ea6-8bf9c678de18.mp3
234f1e43-c447-4cd1-988e-bfe0b3f80242	/Users/yaronkra/Library/Caches/pai-voice/archive/234f1e43-c447-4cd1-988e-bfe0b3f80242.mp3
beb346a8-eff4-48ea-a2ba-0100d1143059	/Users/yaronkra/Library/Caches/pai-voice/archive/beb346a8-eff4-48ea-a2ba-0100d1143059.mp3
ef6af2f4-843b-408b-aa88-4c1d7db92b02	/Users/yaronkra/Library/Caches/pai-voice/archive/ef6af2f4-843b-408b-aa88-4c1d7db92b02.mp3
db98b597-b188-4b16-9b27-8acea73d06b7	/Users/yaronkra/Library/Caches/pai-voice/archive/db98b597-b188-4b16-9b27-8acea73d06b7.mp3
d0a5eb72-a4f1-44a3-8135-2bd41bd7ce97	/Users/yaronkra/Library/Caches/pai-voice/archive/d0a5eb72-a4f1-44a3-8135-2bd41bd7ce97.mp3
a8dcec52-7fe7-4b8e-a360-8aeedda3cc84	/Users/yaronkra/Library/Caches/pai-voice/archive/a8dcec52-7fe7-4b8e-a360-8aeedda3cc84.mp3
455ca19b-056e-4ac5-ac26-4a433c0190e4	/Users/yaronkra/Library/Caches/pai-voice/archive/455ca19b-056e-4ac5-ac26-4a433c0190e4.mp3
15c0b951-2cad-4862-83e1-2b3f9bb14cda	/Users/yaronkra/Library/Caches/pai-voice/archive/15c0b951-2cad-4862-83e1-2b3f9bb14cda.mp3
c665c81e-6288-4033-88e6-7d08d580377f	/Users/yaronkra/Library/Caches/pai-voice/archive/c665c81e-6288-4033-88e6-7d08d580377f.mp3
24603342-57e0-488f-8f44-a5f6108adf3d	/Users/yaronkra/Library/Caches/pai-voice/archive/24603342-57e0-488f-8f44-a5f6108adf3d.mp3
9cc116e2-b74f-43e9-a950-50edea0300a8	/Users/yaronkra/Library/Caches/pai-voice/archive/9cc116e2-b74f-43e9-a950-50edea0300a8.mp3
0901eb59-ca62-4abc-9239-04f43c7865f5	/Users/yaronkra/Library/Caches/pai-voice/archive/0901eb59-ca62-4abc-9239-04f43c7865f5.mp3
fc87ae4f-b25c-4960-8c6a-a916728fae82	/Users/yaronkra/Library/Caches/pai-voice/archive/fc87ae4f-b25c-4960-8c6a-a916728fae82.mp3
02b93afb-4b87-43e6-bd64-036b43ab9ae7	/Users/yaronkra/Library/Caches/pai-voice/archive/02b93afb-4b87-43e6-bd64-036b43ab9ae7.mp3
96aff9c3-727f-422a-84b9-f5a6b91e3315	/Users/yaronkra/Library/Caches/pai-voice/archive/96aff9c3-727f-422a-84b9-f5a6b91e3315.mp3
14c299e0-2a8e-4271-bc59-40e34e87b28c	/Users/yaronkra/Library/Caches/pai-voice/archive/14c299e0-2a8e-4271-bc59-40e34e87b28c.mp3
3aed8a93-580a-4a76-a801-5bcc12dc69ab	/Users/yaronkra/Library/Caches/pai-voice/archive/3aed8a93-580a-4a76-a801-5bcc12dc69ab.mp3
bbdc7683-0440-44d6-b456-befa30428b14	/Users/yaronkra/Library/Caches/pai-voice/archive/bbdc7683-0440-44d6-b456-befa30428b14.mp3
c2e0bbb4-e557-4e7b-88b7-517b87c43151	/Users/yaronkra/Library/Caches/pai-voice/archive/c2e0bbb4-e557-4e7b-88b7-517b87c43151.mp3
562fe06e-d104-49d5-9a85-bc73ccf74dcf	/Users/yaronkra/Library/Caches/pai-voice/archive/562fe06e-d104-49d5-9a85-bc73ccf74dcf.mp3
65bd4755-3676-41f8-851d-54a8382a5a32	/Users/yaronkra/Library/Caches/pai-voice/archive/65bd4755-3676-41f8-851d-54a8382a5a32.mp3
325a67f7-d68c-46ce-acdc-f57346a0fb64	/Users/yaronkra/Library/Caches/pai-voice/archive/325a67f7-d68c-46ce-acdc-f57346a0fb64.mp3
37b22007-6892-4aad-8c50-fcfec77d4013	/Users/yaronkra/Library/Caches/pai-voice/archive/37b22007-6892-4aad-8c50-fcfec77d4013.mp3
b01f144e-b25d-4a7e-9884-3fda2b3d0d1b	/Users/yaronkra/Library/Caches/pai-voice/archive/b01f144e-b25d-4a7e-9884-3fda2b3d0d1b.mp3
118d0905-5759-45c7-958a-37f6c6065e47	/Users/yaronkra/Library/Caches/pai-voice/archive/118d0905-5759-45c7-958a-37f6c6065e47.mp3
eacc72d1-afbb-4655-bd30-3216abea25ba	/Users/yaronkra/Library/Caches/pai-voice/archive/eacc72d1-afbb-4655-bd30-3216abea25ba.mp3
9d2b427a-5816-401a-9b07-c143ad84932f	/Users/yaronkra/Library/Caches/pai-voice/archive/9d2b427a-5816-401a-9b07-c143ad84932f.mp3
9e221583-d087-46d3-9621-921f28effd87	/Users/yaronkra/Library/Caches/pai-voice/archive/9e221583-d087-46d3-9621-921f28effd87.mp3
3e50813b-f9bd-443b-bd52-56b113d8797d	/Users/yaronkra/Library/Caches/pai-voice/archive/3e50813b-f9bd-443b-bd52-56b113d8797d.mp3
4bc61504-e475-4efc-ba6c-625fe61d65ce	/Users/yaronkra/Library/Caches/pai-voice/archive/4bc61504-e475-4efc-ba6c-625fe61d65ce.mp3
29be9048-5c41-45d9-ae7b-9597ab8269ca	/Users/yaronkra/Library/Caches/pai-voice/archive/29be9048-5c41-45d9-ae7b-9597ab8269ca.mp3
4510ac9b-0a8a-44e8-95df-37e8f1bd52e4	/Users/yaronkra/Library/Caches/pai-voice/archive/4510ac9b-0a8a-44e8-95df-37e8f1bd52e4.mp3
efd44da7-d81f-44b3-b3d3-a0e1537d7081	/Users/yaronkra/Library/Caches/pai-voice/archive/efd44da7-d81f-44b3-b3d3-a0e1537d7081.mp3
1157b50e-ffc0-49a2-ae43-dbf923c635c8	/Users/yaronkra/Library/Caches/pai-voice/archive/1157b50e-ffc0-49a2-ae43-dbf923c635c8.mp3
41c51bdc-b6bf-42a3-aa2d-258df31c0e76	/Users/yaronkra/Library/Caches/pai-voice/archive/41c51bdc-b6bf-42a3-aa2d-258df31c0e76.mp3
d05f8b42-7ce5-4ffe-b587-68d1b0aabe24	/Users/yaronkra/Library/Caches/pai-voice/archive/d05f8b42-7ce5-4ffe-b587-68d1b0aabe24.mp3
f6c982d7-c8e9-4bdb-8725-9335b8159601	/Users/yaronkra/Library/Caches/pai-voice/archive/f6c982d7-c8e9-4bdb-8725-9335b8159601.mp3
7cd9c2be-9a25-4786-ae41-29ff44f163bb	/Users/yaronkra/Library/Caches/pai-voice/archive/7cd9c2be-9a25-4786-ae41-29ff44f163bb.mp3
aaf1679e-fb80-4647-8a29-d4afcc1579f5	/Users/yaronkra/Library/Caches/pai-voice/archive/aaf1679e-fb80-4647-8a29-d4afcc1579f5.mp3
dc077cb8-d960-43ca-b8de-d0306192e265	/Users/yaronkra/Library/Caches/pai-voice/archive/dc077cb8-d960-43ca-b8de-d0306192e265.mp3
a3e5bdfd-d178-47fa-bac6-bff8e53d1b4a	/Users/yaronkra/Library/Caches/pai-voice/archive/a3e5bdfd-d178-47fa-bac6-bff8e53d1b4a.mp3
ae05a222-3812-44e5-b383-c207ce4a4a9b	/Users/yaronkra/Library/Caches/pai-voice/archive/ae05a222-3812-44e5-b383-c207ce4a4a9b.mp3
0b897fd5-f5d5-45eb-9f29-d46ec1aee281	/Users/yaronkra/Library/Caches/pai-voice/archive/0b897fd5-f5d5-45eb-9f29-d46ec1aee281.mp3
0b33563e-a753-42ee-b272-404bcb45f18d	/Users/yaronkra/Library/Caches/pai-voice/archive/0b33563e-a753-42ee-b272-404bcb45f18d.mp3
d57f46b6-0312-443d-a04d-9a2e37593531	/Users/yaronkra/Library/Caches/pai-voice/archive/d57f46b6-0312-443d-a04d-9a2e37593531.mp3
39680bc5-d4f9-4de4-87c9-a4ce38cf28b9	/Users/yaronkra/Library/Caches/pai-voice/archive/39680bc5-d4f9-4de4-87c9-a4ce38cf28b9.mp3
1d35c3c5-f0dd-4517-9cce-b371cc6e9347	/Users/yaronkra/Library/Caches/pai-voice/archive/1d35c3c5-f0dd-4517-9cce-b371cc6e9347.mp3
0bf1a679-1067-4069-988d-280032deccda	/Users/yaronkra/Library/Caches/pai-voice/archive/0bf1a679-1067-4069-988d-280032deccda.mp3
c1cbc83f-789d-4d9a-a912-1116a026128d	/Users/yaronkra/Library/Caches/pai-voice/archive/c1cbc83f-789d-4d9a-a912-1116a026128d.mp3
7d5b321b-741b-4ca2-9e52-49ed45604498	/Users/yaronkra/Library/Caches/pai-voice/archive/7d5b321b-741b-4ca2-9e52-49ed45604498.mp3
f2b51f33-9e87-4997-b5a7-4a39c214b978	/Users/yaronkra/Library/Caches/pai-voice/archive/f2b51f33-9e87-4997-b5a7-4a39c214b978.mp3
fb058b23-1f6d-4b69-9bd5-a9910e8288db	/Users/yaronkra/Library/Caches/pai-voice/archive/fb058b23-1f6d-4b69-9bd5-a9910e8288db.mp3
95cde302-a730-4f85-8320-22ea0e64dc95	/Users/yaronkra/Library/Caches/pai-voice/archive/95cde302-a730-4f85-8320-22ea0e64dc95.mp3
0e2d7171-eb15-47f2-9a46-1b79fedb3c15	/Users/yaronkra/Library/Caches/pai-voice/archive/0e2d7171-eb15-47f2-9a46-1b79fedb3c15.mp3
99bceb47-7632-49ca-8b8e-199db9df6c5a	/Users/yaronkra/Library/Caches/pai-voice/archive/99bceb47-7632-49ca-8b8e-199db9df6c5a.mp3
406eceef-960f-4a58-88b9-cf2317f7d502	/Users/yaronkra/Library/Caches/pai-voice/archive/406eceef-960f-4a58-88b9-cf2317f7d502.mp3
5ea9ac55-701e-426d-a2ab-fd181ab9a3a9	/Users/yaronkra/Library/Caches/pai-voice/archive/5ea9ac55-701e-426d-a2ab-fd181ab9a3a9.mp3
6f3e8c7b-386f-4354-b350-46180a1d7023	/Users/yaronkra/Library/Caches/pai-voice/archive/6f3e8c7b-386f-4354-b350-46180a1d7023.mp3
d2be0cac-204c-4424-b02c-22cd0e71ce90	/Users/yaronkra/Library/Caches/pai-voice/archive/d2be0cac-204c-4424-b02c-22cd0e71ce90.mp3
98c1cac1-1a1f-42c4-8d22-df0309632040	/Users/yaronkra/Library/Caches/pai-voice/archive/98c1cac1-1a1f-42c4-8d22-df0309632040.mp3
eeece520-c071-48a3-8e92-8615b7dd0fcf	/Users/yaronkra/Library/Caches/pai-voice/archive/eeece520-c071-48a3-8e92-8615b7dd0fcf.mp3
1550ab1b-3d71-4dd1-9058-573017abfcce	/Users/yaronkra/Library/Caches/pai-voice/archive/1550ab1b-3d71-4dd1-9058-573017abfcce.mp3
e626899c-e0b3-44cd-b8c1-bd30a32e8973	/Users/yaronkra/Library/Caches/pai-voice/archive/e626899c-e0b3-44cd-b8c1-bd30a32e8973.mp3
da058ad8-40a8-4f41-befe-24880e68978e	/Users/yaronkra/Library/Caches/pai-voice/archive/da058ad8-40a8-4f41-befe-24880e68978e.mp3
6d257755-a31c-4a30-921b-286c061b4f12	/Users/yaronkra/Library/Caches/pai-voice/archive/6d257755-a31c-4a30-921b-286c061b4f12.mp3
44a80645-2172-49c8-a3ed-e7c37407de6f	/Users/yaronkra/Library/Caches/pai-voice/archive/44a80645-2172-49c8-a3ed-e7c37407de6f.mp3
646106ab-4635-43d6-8437-38be8774819f	/Users/yaronkra/Library/Caches/pai-voice/archive/646106ab-4635-43d6-8437-38be8774819f.mp3
6cfb1194-6677-466c-ac08-66719ed8080e	/Users/yaronkra/Library/Caches/pai-voice/archive/6cfb1194-6677-466c-ac08-66719ed8080e.mp3
47baff73-ee5f-4f4a-b455-52494b3cb1ca	/Users/yaronkra/Library/Caches/pai-voice/archive/47baff73-ee5f-4f4a-b455-52494b3cb1ca.mp3
5f05bf47-d70d-4976-b737-6b2c238e2004	/Users/yaronkra/Library/Caches/pai-voice/archive/5f05bf47-d70d-4976-b737-6b2c238e2004.mp3
08fc04f0-d2b3-41b3-b5ba-7e11fb97eb2e	/Users/yaronkra/Library/Caches/pai-voice/archive/08fc04f0-d2b3-41b3-b5ba-7e11fb97eb2e.mp3
0608e629-9e65-4a90-abd1-f0e046de383b	/Users/yaronkra/Library/Caches/pai-voice/archive/0608e629-9e65-4a90-abd1-f0e046de383b.mp3
7d6e797a-f9f1-4542-ae06-fb1ea0967968	/Users/yaronkra/Library/Caches/pai-voice/archive/7d6e797a-f9f1-4542-ae06-fb1ea0967968.mp3
8494bc81-98f8-42b7-97c7-c549eef7c278	/Users/yaronkra/Library/Caches/pai-voice/archive/8494bc81-98f8-42b7-97c7-c549eef7c278.mp3
498b2df9-a08e-4748-a759-9c641937e10d	/Users/yaronkra/Library/Caches/pai-voice/archive/498b2df9-a08e-4748-a759-9c641937e10d.mp3
3905c92c-0a80-4686-af35-6909bb842670	/Users/yaronkra/Library/Caches/pai-voice/archive/3905c92c-0a80-4686-af35-6909bb842670.mp3
f02f5308-20ae-423d-ba80-257221fd1614	/Users/yaronkra/Library/Caches/pai-voice/archive/f02f5308-20ae-423d-ba80-257221fd1614.mp3
f42c15ac-dc9a-4096-a8e5-c8e40ee7a2a7	/Users/yaronkra/Library/Caches/pai-voice/archive/f42c15ac-dc9a-4096-a8e5-c8e40ee7a2a7.mp3
1cda05af-b9d5-4418-86bf-7d16b879525c	/Users/yaronkra/Library/Caches/pai-voice/archive/1cda05af-b9d5-4418-86bf-7d16b879525c.mp3
